number,title,rating,nbr_votes,description,season,clean_text,cluster
1,Rose,7.6,6504,When ordinary shop-worker Rose Tyler meets a mysterious stranger called the Doctor she is drawn into his strange and dangerous world; her life will never be the same again.,1,ordinary shop worker rose tyler meet mysterious stranger called doctor drawn strange dangerous world life never,0
2,The End of the World,7.6,5684,The Doctor takes Rose to the year 5 billion to witness the destruction of the Earth.,1,doctor take rose year billion witness destruction earth,1
3,The Unquiet Dead,7.6,5326,The Doctor has great expectations for his latest adventure when he and Rose join forces with Charles Dickens to investigate a mysterious plague of zombies.,1,doctor great expectation latest adventure rose join force charles dickens investigate mysterious plague zombie,2
4,Aliens of London,7.0,5116,"The Doctor returns Rose to her own time - well, sort of - but her family reunion is ruined when a spaceship crashes in the middle of London. What is the origin of the spaceship, and where has the Prime Minister gone in this time of crisis?",1,doctor return rose time well sort family reunion ruined spaceship crash middle london origin spaceship prime minister gone time crisis,2
5,World War Three,7.1,4943,The Slitheen have infiltrated Parliament and have the Doctor and his friends trapped as the Doctor works to prevent them from starting World War Three.,1,slitheen infiltrated parliament doctor friend trapped doctor work prevent starting world war three,3
6,Dalek,8.7,5636,"The TARDIS is drawn to an alien museum deep below the Utah desert, where a ruthless billionaire keeps prisoner the last of the Doctor's most fearsome enemies.",1,tardis drawn alien museum deep utah desert ruthless billionaire keep prisoner last doctor fearsome enemy,1
7,The Long Game,7.2,4872,"In the year 200,000 the Doctor discovers that a satellite with a dark secret is controlling humanity and slowing its development.",1,year doctor discovers satellite dark secret controlling humanity slowing development,1
8,Father's Day,8.4,5433,"All of her life, Rose's mother told how great a man her father Pete was. He was killed by a hit and run driver when Rose was just a baby and among her many regrets was that her father died alone, just lying on the street. Rose asks the Doctor to take her back to that day. Rather than just be with him when he dies, she actually saves him and later admits that this was her plan all along. She soon realizes that her parents' marriage was not exactly the golden relationship she had claimed it to be. Far worse however, is that by saving her father, Rose has created a tear ...",1,life rose mother told great man father pete killed hit run driver rose baby among many regret father died alone lying street rose asks doctor take back day rather dy actually save later admits plan along soon realizes parent marriage exactly golden relationship claimed far worse however saving father rose created tear,1
9,The Empty Child,9.2,6659,"When a spaceship crashes in the middle of the London Blitz the Doctor, Rose and the enigmatic Captain Jack Harkness find themselves investigating a plague of physical injuries and a little boy in a gas mask.",1,spaceship crash middle london blitz doctor rose enigmatic captain jack harkness find investigating plague physical injury little boy gas mask,2
10,The Doctor Dances,9.1,6108,The gas mask zombies are on the rise as the plague spreads across war-torn London.,1,gas mask zombie rise plague spread across war torn london,2
11,Boom Town,7.2,4631,"Stopping off in present-day Cardiff to recharge the TARDIS, The Doctor, Rose and Jack encounter an old foe in the midst of hatching a scheme that could destroy the entire planet.",1,stopping present day cardiff recharge tardis doctor rose jack encounter old foe midst hatching scheme could destroy entire planet,2
12,Bad Wolf,8.7,5314,The TARDIS team is separated and forced to compete in twisted and deadly games on the Game Station.,1,tardis team separated forced compete twisted deadly game game station,3
13,The Parting of the Ways,9.1,5788,"As the Dalek fleet begin their attack on the Earth, the Doctor and his allies make one final stand against his greatest foes and not everyone will make it out alive.",1,dalek fleet begin attack earth doctor ally make one final stand greatest foe everyone make alive,1
0,The Christmas Invasion,8.2,5291,"It's Christmas Eve, but this is to be a far from silent night - the cruel Sycorax have come to Earth to enslave mankind and, as ever, only The Doctor can stop them. Unfortunately, he's lying in a coma in Jackie's home...",2,christmas eve far silent night cruel sycorax come earth enslave mankind ever doctor stop unfortunately lying coma jackie home,4
1,New Earth,7.5,4891,The Doctor and Rose arrive on New Earth and meet old friends and enemies in a hospital which can cure every disease. But the cures come at a terrible cost.,2,doctor rose arrive new earth meet old friend enemy hospital cure every disease cure come terrible cost,1
2,Tooth and Claw,7.9,5041,"The Doctor and Rose are transported to 19th Century Scotland, where they meet Queen Victoria, and try to protect her from a ravenous werewolf and a band of assassinating warrior-monks",2,doctor rose transported th century scotland meet queen victoria try protect ravenous werewolf band assassinating warrior monk,2
3,School Reunion,8.4,5397,"The Krillitanes - aliens with a mix-and-match physiology - are trying to crack the 'God-Maker', a paradigm to give them ultimate power. They are using children as a computer, and only the Doctor and Rose, re-united with Sarah Jane Smith and K9 can prevent them from becoming masters of time and space.",2,krillitanes alien mix match physiology trying crack god maker paradigm give ultimate power using child computer doctor rose united sarah jane smith k prevent becoming master time space,3
4,The Girl in the Fireplace,9.3,8504,"The Doctor, Mickey and Rose land on a spaceship in the 51st century only to find 18th century Versailles on board, the time of Madame De Pompadour! To find out what's going on the Doctor must enter Versailles and save Madame De Popmpadour but it turns into an emotional roller coaster for the Doctor.",2,doctor mickey rose land spaceship st century find th century versailles board time madame de pompadour find going doctor must enter versailles save madame de popmpadour turn emotional roller coaster doctor,2
5,Rise of the Cybermen,7.8,4688,"The TARDIS crash lands in London on a parallel world, where Rose's dad is still alive, people are disappearing off the streets and one of the Doctor's deadliest enemies is about to be reborn.",2,tardis crash land london parallel world rose dad still alive people disappearing street one doctor deadliest enemy reborn,2
6,The Age of Steel,7.9,4636,The Cybermen take control of London as the population is enslaved and the Doctor and his friends become fugitives.,2,cybermen take control london population enslaved doctor friend become fugitive,1
7,The Idiot's Lantern,6.9,4814,"As the coronation of Elizabeth II nears, the streets of London live in fear. Faceless people are stolen from their homes in the night and something evil is lurking in the television.",2,coronation elizabeth ii nears street london live fear faceless people stolen home night something evil lurking television,1
8,The Impossible Planet,8.7,5399,"When the Doctor and Rose become stranded on a planet orbiting a black hole, they find a human expedition crew and their servants, the Ood, being terrorised by the Devil.",2,doctor rose become stranded planet orbiting black hole find human expedition crew servant ood terrorised devil,2
9,The Satan Pit,8.8,5609,"The Doctor risks his life to investigate the pit and is forced to make a terrible decision, while Rose and the crew fend for their lives against the Legion of the Beast.",2,doctor risk life investigate pit forced make terrible decision rose crew fend life legion beast,4
10,Love & Monsters,6.2,5738,"Elton Pope is an ordinary man intrigued by the world of the Doctor. When he and fellow enthusiasts - L.I.N.D.A. - meet the mysterious Victor Kennedy, their lives will never be the same again.",2,elton pope ordinary man intrigued world doctor fellow enthusiast l n meet mysterious victor kennedy life never,0
11,Fear Her,6.1,5047,"When children vanish into thin air in 2012 London, the Doctor and Rose find the answers in a seemingly ordinary household and a girl whose drawings can come to life.",2,child vanish thin air london doctor rose find answer seemingly ordinary household girl whose drawing come life,2
12,Army of Ghosts,8.5,4885,"When ghosts of loved ones appear all over the world the Doctor traces the phenomena to the Torchwood Tower, where some old friends and enemies are waiting.",2,ghost loved one appear world doctor trace phenomenon torchwood tower old friend enemy waiting,1
13,Doomsday,9.3,6836,"Earth becomes a battleground for the Daleks and the Cybermen. With the whole planet at stake and the Genesis Ark activated, how much will the Doctor sacrifice in order to end the war?",2,earth becomes battleground daleks cybermen whole planet stake genesis ark activated much doctor sacrifice order end war,1
0,The Runaway Bride,7.6,4991,"The Doctor is baffled when a young woman is transported to the TARDIS on her wedding day, and attempts to find out how she is connected to an alien plot to destroy Earth.",3,doctor baffled young woman transported tardis wedding day attempt find connected alien plot destroy earth,1
1,Smith and Jones,8.0,4869,"When the hospital she works at is transported to the moon, medical student Martha Jones joins forces with The Doctor to hunt down an alien fugitive before the oxygen runs out.",3,hospital work transported moon medical student martha jones join force doctor hunt alien fugitive oxygen run,3
2,The Shakespeare Code,7.8,4925,"The Doctor takes Martha to London in 1599, where William Shakespeare's new play is being used by three witches in an evil plan.",3,doctor take martha london william shakespeare new play used three witch evil plan,1
3,Gridlock,8.1,5037,"The Doctor takes Martha to New Earth, where she is kidnapped by two carjackers and taken to an underground Motorway, where the remainder of humanity on the planet live in perpetual gridlock.",3,doctor take martha new earth kidnapped two carjackers taken underground motorway remainder humanity planet live perpetual gridlock,1
4,Daleks in Manhattan,7.0,4589,"The Doctor and Martha travel to New York in 1930, where people have been mysteriously vanishing from the streets, and an old enemy resurfaces.",3,doctor martha travel new york people mysteriously vanishing street old enemy resurfaces,1
5,Evolution of the Daleks,7.0,4611,"Concluding part to Daleks in Manhattan. In 1930s New York, the Daleks' plan is in full force. Faced with the cyborgs' most evil and dangerous scheme yet, will the Doctor and Martha be able to defeat their greatest opponents?",3,concluding part daleks manhattan new york daleks plan full force faced cyborg evil dangerous scheme yet doctor martha able defeat greatest opponent,1
6,The Lazarus Experiment,6.7,4652,The famous Dr Lazarus has appeared to discover the secret of eternal youth - but do his experiments hide a sinister secret?,3,famous dr lazarus appeared discover secret eternal youth experiment hide sinister secret,3
7,42,7.5,4458,"On a spaceship headed straight for the centre of the sun, the Doctor only has 42 minutes to save Martha and the ship's crew from an inevitable doom.",3,spaceship headed straight centre sun doctor minute save martha ship crew inevitable doom,0
8,Human Nature,9.0,5818,"In 1913, Martha watches in jealousy from afar as The Doctor learns what it is to be human and to fall in love with the local school nurse, Joan Redfern.",3,martha watch jealousy afar doctor learns human fall love local school nurse joan redfern,1
9,The Family of Blood,9.2,6456,"The Doctor must deal with the repercussions of his decision to become human, as The Family Of Blood unveil themselves...",3,doctor must deal repercussion decision become human family blood unveil,3
10,Blink,9.8,16398,Sally Sparrow receives a cryptic message from the Doctor about a mysterious new enemy species that is after the TARDIS.,3,sally sparrow receives cryptic message doctor mysterious new enemy specie tardis,4
11,Utopia,8.8,5221,"Soon after bumping into old friend Jack Harkness, Martha and The Doctor head off to Malcassairo, a distant planet where an old professor will do anything he can to keep his people alive...",3,soon bumping old friend jack harkness martha doctor head malcassairo distant planet old professor anything keep people alive,1
12,The Sound of Drums,8.7,5275,"The Doctor, Martha and Jack return to the 21st Century eighteen months after the Doctor and Martha left. They find they've missed the election, and the new Prime Minister, Harold Saxon, is someone they've met before by another name.",3,doctor martha jack return st century eighteen month doctor martha left find missed election new prime minister harold saxon someone met another name,2
13,Last of the Time Lords,8.4,5541,"It's been a year since The Master unleashed the mysterious Toclafane onto Earth. With the human race and The Doctor enslaved under The Master's control, Martha Jones is the only person that can help stop the evil Time Lord.",3,year since master unleashed mysterious toclafane onto earth human race doctor enslaved master control martha jones person help stop evil time lord,0
0,Voyage of the Damned,7.7,5146,"A spacecraft set on an apocalyptic collision course with Earth, a host of killer robot angels and an evil severed headed mastermind - it's just another Christmas for the Doctor... 2007 Christmas special guest starring Kylie Minogue.",4,spacecraft set apocalyptic collision course earth host killer robot angel evil severed headed mastermind another christmas doctor christmas special guest starring kylie minogue,1
1,Partners in Crime,7.8,4802,"With a new weight-loss pill tested in London by Adipose Industries, The Doctor goes to investigate the sinister truth behind the product, only to find out that his old friend Donna Noble is investigating as well.",4,new weight loss pill tested london adipose industry doctor go investigate sinister truth behind product find old friend donna noble investigating well,1
2,The Fires of Pompeii,8.1,4942,"Instead in Rome, The Doctor and Donna Noble end up visiting Pompeii in AD 79, on the eve of the catastrophic eruption of Mount Vesuvius, before anyone even knew it was actually a volcano.The entire city is doomed for destruction.",4,instead rome doctor donna noble end visiting pompeii ad eve catastrophic eruption mount vesuvius anyone even knew actually volcano entire city doomed destruction,1
3,Planet of the Ood,8.1,4737,"Finding themselves on the Ood-Sphere planet in the 42nd century, The Doctor and Donna discover the truth over the Ood's willingness to serve humankind.",4,finding ood sphere planet nd century doctor donna discover truth ood willingness serve humankind,3
4,The Sontaran Stratagem,7.5,4232,UNIT's newest recruit Martha Jones enlists The Doctor's help to investigate kid genius Luke Rattigan and his ATMOS system that is used in every car on Earth.,4,unit newest recruit martha jones enlists doctor help investigate kid genius luke rattigan atmos system used every car earth,0
5,The Poison Sky,7.6,4206,"With planet Earth choking under the poison sky, the Doctor must stop the Sontarans' threat to the planet.",4,planet earth choking poison sky doctor must stop sontarans threat planet,1
6,The Doctor's Daughter,7.7,4777,"Caught in the middle of a war between the Humans and the Hath in the planet Messaline, the Doctor finds himself once again a father.",4,caught middle war human hath planet messaline doctor find father,2
7,The Unicorn and the Wasp,7.8,4667,"With a 1926 dinner party turning into a murder mystery, The Doctor and Donna Noble get the chance to meet Agatha Christie on the eve of her well-known 9-days disappearance.",4,dinner party turning murder mystery doctor donna noble get chance meet agatha christie eve well known day disappearance,0
8,Silence in the Library,9.4,6979,The Doctor and Donna join a group of archaeologists at a 51st century library. What caused the library to become abandoned? What are the Nodes? And what links the library to one little girl? All they have is one warning - count the shadows.,4,doctor donna join group archaeologist st century library caused library become abandoned node link library one little girl one warning count shadow,3
9,Forest of the Dead,9.5,7282,"With the library darkening, the Doctor takes on the Vashta Nerada while figuring out what links River Song to his future. Meanwhile, Donna finds out the mystery of Dr. Moon and the Girl.",4,library darkening doctor take vashta nerada figuring link river song future meanwhile donna find mystery dr moon girl,1
10,Midnight,9.0,6405,"As part of a well-deserved holiday, the Doctor takes a tour on a planet called Midnight. Little does he know that something is knocking on the walls, although the planet shouldn't be inhabited. Soon the passengers begin to panic when one of them is possessed.",4,part well deserved holiday doctor take tour planet called midnight little know something knocking wall although planet inhabited soon passenger begin panic one possessed,1
11,Turn Left,8.9,5414,"What would happen if Donna never met the Doctor? How would Earth handle the Racnoss, the falling Titanic or the Sontarans? Aided by a familiar blonde time traveler, Donna corrects the alternate time line from happening.",4,would happen donna never met doctor would earth handle racnoss falling titanic sontarans aided familiar blonde time traveler donna corrects alternate time line happening,1
12,The Stolen Earth,9.1,5385,"The return of an old enemy leaves Earth along with 26 other planets stolen from their places. As the Doctor and Donna look for the whereabouts of Earth, former companions of the Doctor assemble a resistance against the new Dalek Empire.",4,return old enemy leaf earth along planet stolen place doctor donna look whereabouts earth former companion doctor assemble resistance new dalek empire,1
13,Journey's End,9.1,6242,"In the wake of Davros' threat to destroy the existence of the Universe itself, the Doctor's companions unite to stop the Dalek empire. Which one will die by the prophecies and what will the fate be for the Doctor?",4,wake davros threat destroy existence universe doctor companion unite stop dalek empire one die prophecy fate doctor,1
1,The Eleventh Hour,8.8,6254,"With his TARDIS in ruins, the newly-regenerated Doctor with the help of Amy Pond must save the world in less than twenty minutes from galactic policemen known as the Atraxi.",5,tardis ruin newly regenerated doctor help amy pond must save world less twenty minute galactic policeman known atraxi,0
2,The Beast Below,7.6,4837,"The Doctor takes Amy to the future inside Starship UK, which contains in addition to British explorers, an intimidating race known as the Smilers.",5,doctor take amy future inside starship uk contains addition british explorer intimidating race known smiler,0
3,Victory of the Daleks,6.8,4722,"The TARDIS takes The Doctor and Amy to war-torn Britain in the middle of World War Two. Not only do they meet Winston Churchill himself, but the Doctor comes face to face once again with his greatest enemy of all.",5,tardis take doctor amy war torn britain middle world war two meet winston churchill doctor come face face greatest enemy,1
4,The Time of Angels,8.7,5288,"The Doctor and Amy emerge from the TARDIS to find the wreck of the Byzantium spaceship. Down below the Weeping Angels are stirring, but the Doctor has someone else to contend with; none other than the mysterious Professor River Song.",5,doctor amy emerge tardis find wreck byzantium spaceship weeping angel stirring doctor someone else contend none mysterious professor river song,2
5,Flesh and Stone,8.6,4795,"The Doctor, Amy, Dr. Song and the remaining soldiers manage to escape from the crashed ship and into the forest. The Angels attempt to create a rift in time and space much as the Doctor had found in Amy's room when they first met. Amy meanwhile is counting down from 10 minutes and the Doctor has determined that an Angel has taken over her mind.",5,doctor amy dr song remaining soldier manage escape crashed ship forest angel attempt create rift time space much doctor found amy room first met amy meanwhile counting minute doctor determined angel taken mind,0
6,The Vampires of Venice,7.1,4491,The Doctor and Amy cross swords in more ways than one with a horde of blood-sucking vampires in 16th century Venice.,5,doctor amy cross sword way one horde blood sucking vampire th century venice,0
7,Amy's Choice,8.2,4788,"Five years after finally leaving the TARDIS Amy and Rory now married, live in the quiet little village of Leadworth. But everything is not what it would seem.",5,five year finally leaving tardis amy rory married live quiet little village leadworth everything would seem,0
8,The Hungry Earth,7.3,4208,"The Doctor tries to get everyone to Rio, but nothing quite goes as planned. They arrive in a small Welsh village where the Doctor immediately senses that the ground isn't quite right. There is a drilling rig nearby that has reached a depth of 21 kilometers when odd things begin to happen. A local village man has disappeared and soon after Amy is swallowed into the ground. The Doctor realizes that the drilling has disturbed an ancient reptilian race that has lived deep underground for thousands upon thousands of years and who are determined to protect themselves ...",5,doctor try get everyone rio nothing quite go planned arrive small welsh village doctor immediately sens ground quite right drilling rig nearby reached depth kilometer odd thing begin happen local village man disappeared soon amy swallowed ground doctor realizes drilling disturbed ancient reptilian race lived deep underground thousand upon thousand year determined protect,0
9,Cold Blood,7.5,4206,"The Doctor and Nasreen Chaudry go deep underground and find an ancient society that has been disturbed by the drilling. They are gassed and taken prisoner just as Amy manages to free herself. The military commander of the underground reptilians, Restac, is convinced that the ""apes' - their term for humans - are an invading force. Calmer heads prevail and the Doctor manages to negotiate a truce pending the transfer of prisoners which he, and some of the more pacifist members of the reptilians, hopes will lead to a lasting peace. The only problem is that Alaya, the ...",5,doctor nasreen chaudry go deep underground find ancient society disturbed drilling gassed taken prisoner amy manages free military commander underground reptilian restac convinced ape term human invading force calmer head prevail doctor manages negotiate truce pending transfer prisoner pacifist member reptilian hope lead lasting peace problem alaya,0
10,Vincent and the Doctor,9.3,8393,The Doctor and Amy travel back in time to meet Vincent Van Gogh and face an invisible monster that only the painter can see.,5,doctor amy travel back time meet vincent van gogh face invisible monster painter see,1
11,The Lodger,8.3,4737,"No sooner does the TARDIS land on Earth that it leaves again - but without the Doctor who had just stepped outside. The Doctor soon finds himself at the home of Craig Owens, who has been advertising for a lodger. There's clearly something odd in the house with people being lured to the upstairs room, but never reappearing. The Doctor is having a good time of it and is having a bit of fun; he proves to be a rather good football player. Craig the landlord is very much in love with Sophie but can't quite bring himself to tell her. The Doctor tries to help them out. But ...",5,sooner tardis land earth leaf without doctor stepped outside doctor soon find home craig owen advertising lodger clearly something odd house people lured upstairs room never reappearing doctor good time bit fun prof rather good football player craig landlord much love sophie quite bring tell doctor try help,3
12,The Pandorica Opens,9.1,5408,"River Song returns to deliver The Doctor a serious warning from his allies: the mythical Pandorica, said to contain the most feared creature in the entire Universe, is opening.",5,river song return deliver doctor serious warning ally mythical pandorica said contain feared creature entire universe opening,1
13,The Big Bang,9.2,5616,"The Pandorica opened, silence fell, and now planet Earth is left alone in the universe. Jumping through time, the doctor must figure out a way to bring back those who never were and save his friends from the collapse of reality.",5,pandorica opened silence fell planet earth left alone universe jumping time doctor must figure way bring back never save friend collapse reality,0
0,A Christmas Carol,8.6,5707,"A space liner, with a large number of passengers aboard, is in difficulties while flying through the atmosphere of an unknown planet. Amy and Rory have been spending some time on board in the honeymoon suite and they quickly appear on deck. Amy calls the doctor for help and the TARDIS soon appears ahead of the ship. However the Doctor cannot save them and the only other option is to land on the planet below. There the Doctor meets a Scrooge like figure by the name of Kazran Sardick, the only person that can save Amy, Rory and all the other lives on the Spacecraft. The...",6,space liner large number passenger aboard difficulty flying atmosphere unknown planet amy rory spending time board honeymoon suite quickly appear deck amy call doctor help tardis soon appears ahead ship however doctor cannot save option land planet doctor meet scrooge like figure name kazran sardick person save amy rory life spacecraft,0
1,The Impossible Astronaut,8.9,5536,"The Doctor, Amy, Rory and River Song are reunited in the Utah desert.",6,doctor amy rory river song reunited utah desert,0
2,Day of the Moon,8.9,5083,The Doctor and his allies mount a rebellion against invaders who have been controlling humanity from the very beginning.,6,doctor ally mount rebellion invader controlling humanity beginning,1
3,The Curse of the Black Spot,6.8,4478,"The Doctor, Amy and Rory find themselves aboard a marooned pirate ship whose crew is being picked off one by one by a beautiful - and deadly - Siren.",6,doctor amy rory find aboard marooned pirate ship whose crew picked one one beautiful deadly siren,0
4,The Doctor's Wife,9.0,5989,The Doctor is lured to a sentient asteroid outside of the Universe by a Time Lord distress signal and soon realises his TARDIS is in grave danger.,6,doctor lured sentient asteroid outside universe time lord distress signal soon realises tardis grave danger,0
5,The Rebel Flesh,7.3,3925,"A solar tsunami sends the TARDIS crew to an acid mining factory in the 22nd century, where a small team of workers come under attack from their doppelgangers.",6,solar tsunami sends tardis crew acid mining factory nd century small team worker come attack doppelganger,0
6,The Almost People,7.5,3876,The gangers and humans battle for their lives as the factory crumbles and the Doctor tries to keep the peace - can everyone make it off the island alive?,6,ganger human battle life factory crumbles doctor try keep peace everyone make island alive,1
7,A Good Man Goes to War,9.1,5716,A member of The Doctor's team has been abducted and he will call in every favor and maybe even go to war to get them back.,6,member doctor team abducted call every favor maybe even go war get back,1
8,Let's Kill Hitler,8.1,4519,"The search for Melody Pond brings the Doctor and his friends to Berlin in 1938, face-to-face with Adolf Hitler, River Song and a justice-serving, shapeshifting robot.",6,search melody pond brings doctor friend berlin face face adolf hitler river song justice serving shapeshifting robot,1
9,Night Terrors,7.1,3836,"Receiving a powerful distress call from a terrified little boy, the Doctor and his friends soon find that the monsters in his cupboard are real - and deadly.",6,receiving powerful distress call terrified little boy doctor friend soon find monster cupboard real deadly,2
10,The Girl Who Waited,8.5,4521,"Amy is trapped in a quarantine facility where time moves faster than in reality, while the Doctor is confined to the TARDIS. Can Rory save his wife in time?",6,amy trapped quarantine facility time move faster reality doctor confined tardis rory save wife time,0
11,The God Complex,8.1,4188,"The Doctor, Amy and Rory become trapped in a hotel of horrors unable to escape and unable to find the TARDIS. The Doctor must save as many people as he can taking many twists and seeing his own worst fear.",6,doctor amy rory become trapped hotel horror unable escape unable find tardis doctor must save many people taking many twist seeing worst fear,0
12,Closing Time,7.7,3924,"The Doctor makes one last stop before his death to see an old friend. But people are disappearing, there are reports of a silver rat and metal men are lurking in the shadows.",6,doctor make one last stop death see old friend people disappearing report silver rat metal men lurking shadow,1
13,The Wedding of River Song,8.6,4890,"April 22nd, 2011; 5:02pm. Having finally accepted his fate the Doctor travels to Lake Silencio for his final day. But one woman refuses to let time take its course.",6,april nd pm finally accepted fate doctor travel lake silencio final day one woman refuse let time take course,1
0,"The Doctor, the Widow and the Wardrobe",7.3,4240,"It's Christmas Eve, 1938, when Madge Arwell comes to the aid of an injured Spaceman Angel as she cycles home. He promises to repay her kindness - all she has to do is make a wish. Three years later, a devastated Madge escapes war-torn London with her two children for a dilapidated house in Dorset. She is crippled with grief at the news her husband has been lost over the channel, but determined to give Lily and Cyril the best Christmas ever. The Arwells are surprised to be greeted by a madcap caretaker whose mysterious Christmas gift leads them into a magical wintry ...",7,christmas eve madge arwell come aid injured spaceman angel cycle home promise repay kindness make wish three year later devastated madge escape war torn london two child dilapidated house dorset crippled grief news husband lost channel determined give lily cyril best christmas ever arwells surprised greeted madcap caretaker whose mysterious christmas gift lead magical wintry,4
1,Asylum of the Daleks,8.7,5729,"The Doctor, along with Amy and Rory who are headed for divorce, are kidnapped by the Daleks. They find themselves before the Dalek Parliament and the Doctor is quite surprised when he learns why: they want him to save them. A ship has crashed on the one place they will not go - the Asylum, where mad Daleks are sent to spend the rest of their days. Once there, they are assisted by the only survivor of the crash, Oswin, who has been there for a year awaiting rescue and making soufflés to pass the time. Which leads the Doctor to ask the most important question of all: ...",7,doctor along amy rory headed divorce kidnapped daleks find dalek parliament doctor quite surprised learns want save ship crashed one place go asylum mad daleks sent spend rest day assisted survivor crash oswin year awaiting rescue making souffl pas time lead doctor ask important question,2
2,Dinosaurs on a Spaceship,7.5,4676,"After a lengthy absence, the Doctor returns to Earth and scoops up up Amy and Rory for yet another adventure. He also manages somehow to include Rory's dad, Brian Williams. Those aren't the only travelers however as Queen Nefertiti and big-game hunter John Riddell are also on board. The TARDIS next reappears on board a large ship and the Doctor is delighted to find a cargo of prehistoric dinosaurs on board. Using the ship's computers, Amy determines that the ship's crew is nowhere to be found. There is someone on board however who has no intention of giving up his ...",7,lengthy absence doctor return earth scoop amy rory yet another adventure also manages somehow include rory dad brian williams traveler however queen nefertiti big game hunter john riddell also board tardis next reappears board large ship doctor delighted find cargo prehistoric dinosaur board using ship computer amy determines ship crew nowhere found someone board however intention giving,0
3,A Town Called Mercy,7.5,4452,"The Doctor gets a Stetson and a gun, and finds himself the reluctant Sheriff of a Western town under siege by a relentless cyborg who goes by the name of The Gunslinger. But who is he and what does he want?",7,doctor get stetson gun find reluctant sheriff western town siege relentless cyborg go name gunslinger want,2
4,The Power of Three,7.6,4279,"Earth is suddenly visited by millions of small black cubes of unknown origin. The Doctor joins Amy, Rory and Rory's father, Brian, to help discover what these cubes bring for humanity.",7,earth suddenly visited million small black cube unknown origin doctor join amy rory rory father brian help discover cube bring humanity,0
5,The Angels Take Manhattan,9.0,6253,"The Doctor takes Amy and Rory to New York, where the Weeping Angels are waiting for them. River Song returns.",7,doctor take amy rory new york weeping angel waiting river song return,1
6,The Snowmen,8.5,5154,"London, 1892. Snow is trying to evolve, feeding off of the nightmares of a little girl. But the Doctor has given up on saving the world. It is up to a young governess named Clara to convince him, with just one word, to save the day.",7,london snow trying evolve feeding nightmare little girl doctor given saving world young governess named clara convince one word save day,3
7,The Bells of Saint John,8.0,4377,"A chance phone call reunites the Doctor with Clara in the present day. A mysterious organization, lead by the evil Miss Kizlet, sends robots known as ""Spoonheads"" to steal the minds of people who use the company's WiFi. The Doctor and Clara must work together to find the location of the organization and destroy it before the whole world is trapped by the WiFi.",7,chance phone call reunites doctor clara present day mysterious organization lead evil miss kizlet sends robot known spoonheads steal mind people use company wifi doctor clara must work together find location organization destroy whole world trapped wifi,0
8,The Rings of Akhaten,7.4,4763,"Still not quite able to explain just who she is, the Doctor and Clara set off on their first adventure. He takes her to see the Rings of Akhaten and its famous pyramid. The residents of the 7 planets rotating around the same sun all believe the pyramid is the source of all life in the universe. There are quite a few visitors there for the Festival of Offering and Clara and helps a young girl, Merry, to have the confidence to perform an important ceremony to sooth and keep the Old God asleep. When Merry is drawn into the pyramid the Doctor and Clara go after her. When ...",7,still quite able explain doctor clara set first adventure take see ring akhaten famous pyramid resident planet rotating around sun believe pyramid source life universe quite visitor festival offering clara help young girl merry confidence perform important ceremony sooth keep old god asleep merry drawn pyramid doctor clara go,1
9,Cold War,7.3,4000,"The Doctor and Clara find themselves dealing with Cold War tensions when the TARDIS lands aboard a disabled Soviet ballistic submarine. The Doctor isn't the only alien being on board however - while engaged in undersea drilling, Professor Grisenko thought he'd found a mammoth and brought the creature on the boat encased in ice. It isn't a mammoth but an Ice Warrior, who has been lying dormant for 5000 years. He identifies himself as Grand Marshal Skaldak but when he cannot contact others of his kind, he assumes he is the last of his race. He now has every intention of...",7,doctor clara find dealing cold war tension tardis land aboard disabled soviet ballistic submarine doctor alien board however engaged undersea drilling professor grisenko thought found mammoth brought creature boat encased ice mammoth ice warrior lying dormant year identifies grand marshal skaldak cannot contact others kind assumes last race every intention,0
10,Hide,7.8,3970,"The Doctor and Clara arrive at an old manor house in 1974 where Alec Palmer and Emma Grayling are investigating the existence of a ghost. Alec is a former army Major, now a psychologist, whilst Emma is an empathic psychic who can not only sense the presence of paranormal beings, but can sense their feelings as well. Palmer explains the house has been haunted for hundreds of years, and the ghost - a woman - is likely much older. Emma senses the ghost is very lonely, but the Doctor realises she's not a ghost at all, but a creature trapped in a zone where time moves much...",7,doctor clara arrive old manor house alec palmer emma grayling investigating existence ghost alec former army major psychologist whilst emma empathic psychic sense presence paranormal being sense feeling well palmer explains house haunted hundred year ghost woman likely much older emma sens ghost lonely doctor realises ghost creature trapped zone time move much,1
11,Journey to the Centre of the TARDIS,7.5,3981,"The Doctor and Clara find themselves aboard a space freighter that has taken the TARDIS on-board as salvage. While the Doctor is ejected, Clara finds herself wandering through the vehicle exploring it's many - seemingly infinite - rooms. The Doctor re-enters the TARDIS accompanied by three workers from the salvage ship and they have but 30 minutes to find her. There are creatures in the depths of the TARDIS and the time travel machine will do whatever it takes to protect itself. There is a rupture in time however and the TARDIS is leaking recent history....which the ...",7,doctor clara find aboard space freighter taken tardis board salvage doctor ejected clara find wandering vehicle exploring many seemingly infinite room doctor enters tardis accompanied three worker salvage ship minute find creature depth tardis time travel machine whatever take protect rupture time however tardis leaking recent history,0
12,The Crimson Horror,7.4,3800,The Doctor and Clara arrive in 19th century Yorkshire where moral crusader Mrs Gillyflower is recruiting beautiful people for her idyllic garden city. At the same time rigid corpses dyed red are piling up and the brother of one of the victims seeks help from Madame Vastra. She and her party travel to Yorkshire where they rescue Doctor Who and Clara from the clutches of Mrs Gillyflower. They discover that the woman is a fanatical exponent of ethnic cleansing who plans to do away with those who do not meet her standards - even her daughter Ada. The Doctor and his allies...,7,doctor clara arrive th century yorkshire moral crusader mr gillyflower recruiting beautiful people idyllic garden city time rigid corps dyed red piling brother one victim seek help madame vastra party travel yorkshire rescue doctor clara clutch mr gillyflower discover woman fanatical exponent ethnic cleansing plan away meet standard even daughter ada doctor ally,3
13,Nightmare in Silver,7.4,3811,"Hedgewick's World of Wonders was once the greatest theme park in the galaxy, but it's now the dilapidated home to a shabby showman, a chess playing dwarf and a dysfunctional army platoon. When the Doctor, Clara, Artie and Angie arrive, the last thing they expect is the re-emergence of one of the Doctor's oldest foes. The Cybermen are back!",7,hedgewick world wonder greatest theme park galaxy dilapidated home shabby showman chess playing dwarf dysfunctional army platoon doctor clara artie angie arrive last thing expect emergence one doctor oldest foe cybermen back,1
14,The Name of the Doctor,9.1,6126,"The Doctor's friends are being kidnapped, which leads him to the fields of Trenzalore, where his greatest secret will be revealed and Clara's mystery will be solved.",7,doctor friend kidnapped lead field trenzalore greatest secret revealed clara mystery solved,1
1,Deep Breath,8.0,6505,"When the newly-regenerated doctor arrives in Victorian London, he finds a dinosaur rampant in the Thames and a spate of deadly spontaneous combustions.",8,newly regenerated doctor arrives victorian london find dinosaur rampant thames spate deadly spontaneous combustion,0
2,Into the Dalek,7.8,4995,The Doctor and Clara find themselves inside of a supposedly good Dalek.,8,doctor clara find inside supposedly good dalek,2
3,Robot of Sherwood,7.1,5127,"In Sherwood Forest, the Doctor uncovers a sinister alien plot and forms an alliance with Robin Hood. With Nottingham at stake, the Doctor must decide who is real and who is fake.",8,sherwood forest doctor uncovers sinister alien plot form alliance robin hood nottingham stake doctor must decide real fake,1
4,Listen,8.9,6451,"When ghosts of past and future crowd into their lives, The Doctor and Clara are thrown into an adventure that takes them to the very end of the universe.",8,ghost past future crowd life doctor clara thrown adventure take end universe,1
5,Time Heist,8.0,4573,The Doctor and Clara must break into the most secure bank in the universe.,8,doctor clara must break secure bank universe,1
6,The Caretaker,7.4,4001,"The terrifying Skovox Blitzer is ready to destroy all humanity - but worse, and any second now, Danny Pink and the Doctor are going to meet.",8,terrifying skovox blitzer ready destroy humanity worse second danny pink doctor going meet,1
7,Kill the Moon,7.0,4651,"In the near future, the Doctor and Clara find themselves on a space shuttle making a suicide mission to the Moon. Crash-landing on the lunar surface they find the most terrible things.",8,near future doctor clara find space shuttle making suicide mission moon crash landing lunar surface find terrible thing,2
8,Mummy on the Orient Express,8.5,4470,"On the most beautiful train in history, speeding amongst the stars of the future, a deadly and immortal creature is stalking the passengers.",8,beautiful train history speeding amongst star future deadly immortal creature stalking passenger,3
9,Flatline,8.5,4280,"A problem happens with the Tardis, trapping the Doctor inside and leaving Clara to fend for herself against a two dimensional enemy.",8,problem happens tardis trapping doctor inside leaving clara fend two dimensional enemy,1
10,In the Forest of the Night,6.1,4181,"One morning in London, and every city and town in the world, the human race wakes up to the most surprising invasion yet: the trees have moved back in. Everywhere, in every land, a forest has grown and taken back the Earth.",8,one morning london every city town world human race wake surprising invasion yet tree moved back everywhere every land forest grown taken back earth,0
11,Dark Water,8.7,4562,"In the mysterious world of the Nethersphere, plans have been drawn. Old friends and old enemies manoeuvre around the Doctor, and an impossible choice is looming over him.",8,mysterious world nethersphere plan drawn old friend old enemy manoeuvre around doctor impossible choice looming,1
12,Death in Heaven,7.9,4340,"With Cybermen on the streets of London, old friends unite against old enemies and the Doctor takes to the air in a startling new role. As the Doctor faces his greatest challenge, sacrifices must be made before the day is won.",8,cybermen street london old friend unite old enemy doctor take air startling new role doctor face greatest challenge sacrifice must made day,1
0,Last Christmas,8.3,4243,"The Doctor and Clara face their Last Christmas. Trapped on an Arctic base, under attack from terrifying creatures, who are you going to call? Santa Claus!",9,doctor clara face last christmas trapped arctic base attack terrifying creature going call santa claus,3
1,The Magician's Apprentice,8.5,4716,"When the skies of Earth are frozen by a mysterious alien force, Clara needs her friend, the Doctor. But where is he and what is he hiding from?",9,sky earth frozen mysterious alien force clara need friend doctor hiding,4
2,The Witch's Familiar,8.5,4109,"Trapped and alone in a terrifying Dalek city, the Doctor is at the heart of an evil Empire; no sonic, no TARDIS, nobody to help. With his greatest temptation before him, can the Doctor resist? And will there be mercy?",9,trapped alone terrifying dalek city doctor heart evil empire sonic tardis nobody help greatest temptation doctor resist mercy,0
3,Under the Lake,8.3,3931,"Under a lake a gleaming black spaceship is recovered but there is nothing inside. When the base crew start dying, they discover that ghosts are real. The Doctor and Clara arrive to find the base under siege and the Doctor discovers that this is more than a ghost story.",9,lake gleaming black spaceship recovered nothing inside base crew start dying discover ghost real doctor clara arrive find base siege doctor discovers ghost story,2
4,Before the Flood,8.1,3651,"In a town that never was, the Doctor and his friends are being stalked by a mysterious figure. With the past and future in the balance, can the Doctor stop the evil Fisher King? And more importantly, who composed Beethoven's 5th.",9,town never doctor friend stalked mysterious figure past future balance doctor stop evil fisher king importantly composed beethoven th,1
5,The Girl Who Died,7.7,3733,"In a Viking village, a girl named Ashildr is about to make a desperate mistake. The Mire are the deadliest mercenaries in the galaxy, famed for showing no mercy and Ashildr has just declared war on them. The Doctor and Clara have 12 hours to turn a peaceful village into strong fighters, ready for the deadly Mire.",9,viking village girl named ashildr make desperate mistake mire deadliest mercenary galaxy famed showing mercy ashildr declared war doctor clara hour turn peaceful village strong fighter ready deadly mire,4
6,The Woman Who Lived,7.6,3610,"England, 1651. A deadly highwayman known only as 'The Knightmare' plagues the dark streets of London, his fire-breathing accomplice by his side. There's something clearly more than human here, and that includes the loot as much as the outlaws. Who are these creatures, and are they enemies to be fought, or friends who might possibly save the Doctor from certain doom on the gallows?",9,england deadly highwayman known knightmare plague dark street london fire breathing accomplice side something clearly human includes loot much outlaw creature enemy fought friend might possibly save doctor certain doom gallows,1
7,The Zygon Invasion,7.9,3454,"The fragile peace between the Humans and the Zygons is on a knife edge. Tensions run high as factions within the Zygon community seek to incite violent action against Humans. Called in by UNIT, the Doctor and Clara fight to bring the situation under control. But one question remains: Where on Earth is Osgood?",9,fragile peace human zygons knife edge tension run high faction within zygon community seek incite violent action human called unit doctor clara fight bring situation control one question remains earth osgood,1
8,The Zygon Inversion,8.6,3775,"With the Zygons invading England, and UNIT neutralized, the Doctor stands alone to stop the Zygons from taking over the entire planet. But how can he stop the Zygons? And how can he save his friends?",9,zygons invading england unit neutralized doctor stand alone stop zygons taking entire planet stop zygons save friend,0
9,Sleep No More,6.0,3866,"Vision recovered from the wreckage of Le Verrier Space Station shows how the Doctor and Clara became entangled in a rescue mission. As the footage plays out, a horrifying secret is uncovered.",9,vision recovered wreckage le verrier space station show doctor clara became entangled rescue mission footage play horrifying secret uncovered,3
10,Face the Raven,8.6,4224,"The Doctor and Clara are called back to earth when Rigsy discovers a strange tattoo on the back of his neck that appears to be counting down to zero. Their investigation leads them to a hidden street in the middle of London, the discovery that Rigsy has been issued a death sentence, and one of them facing the choice of having to make the ultimate sacrifice; to face the Raven!",9,doctor clara called back earth rigsy discovers strange tattoo back neck appears counting zero investigation lead hidden street middle london discovery rigsy issued death sentence one facing choice make ultimate sacrifice face raven,1
11,Heaven Sent,9.6,8256,"Trapped in a world unlike any other he has seen, the Doctor faces the greatest challenge of his many lives. One final test. And he must face it alone...",9,trapped world unlike seen doctor face greatest challenge many life one final test must face alone,1
12,Hell Bent,8.7,4808,"If you took everything from him, betrayed him, trapped him, and broke both his hearts... how far might the Doctor go? Returning to Gallifrey, the Doctor faces the Time Lords in a struggle that will take him to the end of time itself. Who is the Hybrid? And what is the Doctor's confession?",9,took everything betrayed trapped broke heart far might doctor go returning gallifrey doctor face time lord struggle take end time hybrid doctor confession,1
13,The Husbands of River Song,8.6,3948,"When a crashed spaceship calls upon the Doctor for help, he finds himself recruited into River Song's squad and hurled into a chase across the galaxy.",9,crashed spaceship call upon doctor help find recruited river song squad hurled chase across galaxy,0
0,The Return of Doctor Mysterio,7.5,3819,"In New York, with brain-swapping aliens poised to attack, the Doctor and Nardole link up with an investigative reporter and a mysterious masked superhero known only as the Ghost. Can the Doctor save Manhattan? And what will be revealed when we see behind the mask?",10,new york brain swapping alien poised attack doctor nardole link investigative reporter mysterious masked superhero known ghost doctor save manhattan revealed see behind mask,0
1,The Pilot,7.9,3778,The Doctor and Nardole team up with a university student to take down a sinister life-mimicking alien.,10,doctor nardole team university student take sinister life mimicking alien,3
2,Smile,7.2,3104,"In the far future, at the edge of the galaxy, there is a gleaming, perfect city. This brand new human settlement is said to hold the secret of human happiness - but the only smiles the Doctor and Bill can find are on a pile of grinning skulls. Something is alive in the walls, and the emojibots are watching from the shadows, as the Doctor and Bill try to unravel a terrifying mystery...",10,far future edge galaxy gleaming perfect city brand new human settlement said hold secret human happiness smile doctor bill find pile grinning skull something alive wall emojibots watching shadow doctor bill try unravel terrifying mystery,3
3,Thin Ice,7.3,2965,The Doctor and Bill visit London during the last of the River Thames frost fairs in February 1814. They soon discover that there is something under the ice which is causing people to disappear.,10,doctor bill visit london last river thames frost fair february soon discover something ice causing people disappear,3
4,Knock Knock,7.5,2932,"Bill is moving in with some friends and they've found the perfect house rented by the landlord. The wind blows, the floorboards creak and the Doctor thinks something is very wrong.",10,bill moving friend found perfect house rented landlord wind blow floorboard creak doctor think something wrong,3
5,Oxygen,8.1,3022,"When the Doctor, Bill and Nardole become trapped on a space station without oxygen, they discover the spacesuits are trying to kill them.",10,doctor bill nardole become trapped space station without oxygen discover spacesuit trying kill,3
6,Extremis,8.5,3112,"The Haereticum holds an ancient book known only as The Veritas. Throughout history, anyone who has ever read it has immediately taken their own life. When a new translation is online, spreading danger, the Vatican appeals to the Doctor for help. Will he read The Veritas? But can even the Doctor survive the ultimate truth?",10,haereticum hold ancient book known veritas throughout history anyone ever read immediately taken life new translation online spreading danger vatican appeal doctor help read veritas even doctor survive ultimate truth,0
7,The Pyramid at the End of the World,7.7,2650,"A 5,000-year-old pyramid appears overnight, baffling everyone including the Doctor.",10,year old pyramid appears overnight baffling everyone including doctor,1
8,The Lie of the Land,7.2,2560,"Earth is invaded and Bill is living alone in occupied Britain. The Doctor appears to be on the side of the enemy, flooding the airwaves with fake news. Bill and Nardole embark on a deadly mission to rescue the Doctor and lead the resistance against the new regime, whatever the cost.",10,earth invaded bill living alone occupied britain doctor appears side enemy flooding airwave fake news bill nardole embark deadly mission rescue doctor lead resistance new regime whatever cost,3
9,Empress of Mars,7.1,2520,"The Doctor, Bill and Nardole discover a tomb of the Queen of the Ice Warriors on Mars in 1881.",10,doctor bill nardole discover tomb queen ice warrior mar,3
10,The Eaters of Light,7.0,2494,"A long time ago, the Roman legion of the ninth vanished into the mists of Scotland. Bill has a theory about what happened, and the Doctor has a time machine. But when they arrive in ancient Aberdeenshire, what they find is a far greater threat than any army. In a cairn, on a hillside, is a doorway leading to the end of the world.",10,long time ago roman legion ninth vanished mist scotland bill theory happened doctor time machine arrive ancient aberdeenshire find far greater threat army cairn hillside doorway leading end world,4
11,World Enough and Time,9.2,3564,"Trapped on a giant spaceship, caught in the event horizon of a black hole, he witnesses the death of someone he is pledged to protect. Are events already out of control?",10,trapped giant spaceship caught event horizon black hole witness death someone pledged protect event already control,3
12,The Doctor Falls,9.0,3584,The Doctor makes a final stand against an army of Cybermen to protect a tiny band of humans from destruction.,10,doctor make final stand army cybermen protect tiny band human destruction,1
0,Twice Upon a Time,8.1,4785,"The Twelfth Doctor, still refusing to change, goes on a last adventure with the First Doctor.",11,twelfth doctor still refusing change go last adventure first doctor,1
1,The Woman Who Fell to Earth,7.1,8066,"In a South Yorkshire city, Ryan Sinclair, Yasmin Khan and Graham O'Brien are about to have their lives changed forever, as a mysterious woman, unable to remember her own name, falls from the night sky.",11,south yorkshire city ryan sinclair yasmin khan graham brien life changed forever mysterious woman unable remember name fall night sky,4
2,The Ghost Monument,6.2,5928,"Still reeling from their first encounter, can the Doctor and her new friends stay alive long enough, in a hostile alien environment, to solve the mystery of Desolation? And just who are Angstrom and Epzo?",11,still reeling first encounter doctor new friend stay alive long enough hostile alien environment solve mystery desolation angstrom epzo,1
3,Rosa,7.1,7041,"Montgomery, Alabama, 1955. The Doctor and her friends find themselves in the Deep South of America. As they encounter a seamstress by the name of Rosa Parks, they begin to wonder whether someone is attempting to change history.",11,montgomery alabama doctor friend find deep south america encounter seamstress name rosa park begin wonder whether someone attempting change history,1
4,Arachnids in the UK,5.3,5112,"The Doctor, Yaz, Graham, and Ryan find their way back to Yorkshire only to find something is stirring amidst the eight-legged arachnid population of Sheffield.",11,doctor yaz graham ryan find way back yorkshire find something stirring amidst eight legged arachnid population sheffield,4
5,The Tsuranga Conundrum,5.2,4684,"Injured and stranded in the wilds of a far-flung galaxy, The Doctor, Yaz, Graham, and Ryan must band together with a group of strangers to survive against one of the universe's most deadly - and unusual - creatures.",11,injured stranded wild far flung galaxy doctor yaz graham ryan must band together group stranger survive one universe deadly unusual creature,4
6,Demons of the Punjab,6.6,4661,"Yasmin travels in time to visit her grandmother during her youth in the partition of India, but everyone gets caught up in the tragic bloodshed of that era.",11,yasmin travel time visit grandmother youth partition india everyone get caught tragic bloodshed era,3
7,Kerblam!,6.4,3954,"A mysterious message arrives in a package addressed to the Doctor, leading her, Graham, Yaz and Ryan to investigate the warehouse moon orbiting Kandoka, and the home of the galaxy's largest retailer.",11,mysterious message arrives package addressed doctor leading graham yaz ryan investigate warehouse moon orbiting kandoka home galaxy largest retailer,4
8,The Witchfinders,5.9,3635,"Arriving in 17th Century Lancashire, the TARDIS team become embroiled in a witch trial. With the arrival of King James I, the hunt for witches intensifies. However, could something more dangerous be at play? Can the Doctor, Graham, Yaz and Ryan keep the populace of Bilehurst Cragg safe from the forces surrounding the land?",11,arriving th century lancashire tardis team become embroiled witch trial arrival king james hunt witch intensifies however could something dangerous play doctor graham yaz ryan keep populace bilehurst cragg safe force surrounding land,4
9,It Takes You Away,6.4,3404,"On the edge of a Norwegian fjord, in the present day, The Doctor, Ryan, Graham and Yaz discover a boarded-up cottage and a girl named Hanne in need of their help. What has happened here? What monster lurks in the woods around the cottage - and beyond?",11,edge norwegian fjord present day doctor ryan graham yaz discover boarded cottage girl named hanne need help happened monster lurks wood around cottage beyond,4
10,The Battle of Ranskoor Av Kolos,5.5,2949,"Answering nine separate distress calls, the Doctor and team arrive on the remnants of a brutal battlefield on the planet Ranskoor Av Kolos. This planet has many secrets. An amnesiac commander? Mysterious mists? Who or what are the Ux? A deadly reckoning awaits the Doctor and team once they have the answers....",11,answering nine separate distress call doctor team arrive remnant brutal battlefield planet ranskoor av kolos planet many secret amnesiac commander mysterious mist ux deadly reckoning awaits doctor team answer,4
11,Resolution,6.0,2690,"As the New Year begins, a terrifying evil is stirring from across the centuries of Earth's history. As the Doctor, Ryan, Graham and Yaz return home, will they be able to overcome the threat to planet Earth?",11,new year begin terrifying evil stirring across century earth history doctor ryan graham yaz return home able overcome threat planet earth,4
