total_bill,tip,sex,smoker,day,time,size,cluster,PCA1,PCA2
16.99,1.01,Female,No,Sun,Dinner,2,0,-1.3071945391618693,0.0031805872798979784
10.34,1.66,Male,No,Sun,Dinner,3,0,-0.8131765302174868,0.07124207770405008
21.01,3.5,Male,No,Sun,Dinner,3,1,0.6650581447997174,0.16020998049773053
23.68,3.31,Male,No,Sun,Dinner,2,0,0.19929193897161288,0.5025490104515026
24.59,3.61,Female,No,Sun,Dinner,4,1,1.4123608821407563,-0.5734867814820123
25.29,4.71,Male,No,Sun,Dinner,4,1,2.020428703730908,-0.12238317756154013
8.77,2.0,Male,No,Sun,Dinner,2,0,-1.348769550317372,0.3655391994460683
26.88,3.12,Male,No,Sun,Dinner,4,1,1.4756413231353374,-0.09037057192572043
15.04,1.96,Male,No,Sun,Dinner,2,0,-0.9402746650268752,0.4290996900969716
14.78,3.23,Male,No,Sun,Dinner,2,0,-0.43668344174388785,0.4137036600958034
10.27,1.71,Male,No,Sun,Dinner,2,0,-1.3661329210524846,0.3835663749564041
35.26,5.0,Female,No,Sun,Dinner,4,1,2.705914445800282,-0.4799915827132122
15.42,1.57,Male,No,Sun,Dinner,2,0,-1.0745794473503267,0.43685110808401495
18.43,3.0,Male,No,Sun,Dinner,4,1,0.8537458472744383,-0.17428062054127572
14.83,3.02,Female,No,Sun,Dinner,2,0,-0.628666392578936,-0.03879913681227623
21.58,3.92,Male,No,Sun,Dinner,2,0,0.30732276181625123,0.47525859056164454
10.33,1.67,Female,No,Sun,Dinner,3,0,-0.9189370715410412,-0.3840784472938096
16.29,3.71,Male,No,Sun,Dinner,3,0,0.43137346967772877,0.11055241563051224
16.97,3.5,Female,No,Sun,Dinner,3,0,0.28208492394141155,-0.3356043556738254
20.65,3.35,Male,No,Sat,Dinner,3,0,0.5195953398114402,0.36376398109384245
17.92,4.08,Male,No,Sat,Dinner,2,0,0.06544736238895921,0.6424527007679938
20.29,2.75,Female,No,Sat,Dinner,2,0,-0.4289625134933651,0.22458733162129377
15.77,2.23,Female,No,Sat,Dinner,2,0,-0.9486872120880534,0.1842886581942673
39.42,7.58,Male,No,Sat,Dinner,4,1,4.096352674458306,0.19674622559872298
19.82,3.18,Male,No,Sat,Dinner,2,0,-0.17515395606038356,0.6706461000945979
17.81,2.34,Male,No,Sat,Dinner,4,1,0.48135786953210963,0.03178532079969751
13.37,2.0,Male,No,Sat,Dinner,2,0,-1.0965382558218109,0.6175464616926328
12.69,2.0,Male,No,Sat,Dinner,2,0,-1.1426211057696476,0.610696783263197
21.7,4.3,Male,No,Sat,Dinner,2,0,0.4119023363117651,0.6783155096914982
19.65,3.0,Female,No,Sat,Dinner,2,0,-0.36973399014098485,0.21562541102179086
9.55,1.45,Male,No,Sat,Dinner,2,0,-1.5811368006195323,0.5846007475569944
18.35,2.5,Male,No,Sat,Dinner,4,1,0.5836174690518475,0.03561506608159251
15.06,3.0,Female,No,Sat,Dinner,2,0,-0.6807932272888815,0.16939008162309913
20.69,2.45,Female,No,Sat,Dinner,4,1,0.612489687455234,-0.3954301366453089
17.78,3.27,Male,No,Sat,Dinner,2,0,-0.2764662836323576,0.6491916056112667
24.06,3.6,Male,No,Sat,Dinner,3,1,0.8532878959413768,0.3955979393755381
16.31,2.0,Male,No,Sat,Dinner,3,0,-0.32856500716396364,0.3336288037489791
16.93,3.07,Female,No,Sat,Dinner,3,0,0.043395474475966346,-0.12600999283097633
18.69,2.31,Male,No,Sat,Dinner,3,0,-0.04005026674457924,0.3544838743580331
31.27,5.0,Male,No,Sat,Dinner,3,1,1.91646510073963,0.4541397560291017
16.04,2.24,Male,No,Sat,Dinner,3,0,-0.24836601662503874,0.32849452063683526
17.46,2.54,Male,No,Sun,Dinner,2,0,-0.5382405019135993,0.4476413053815086
13.94,3.06,Male,No,Sun,Dinner,2,0,-0.5633777350550963,0.40695260443697057
9.68,1.32,Male,No,Sun,Dinner,2,0,-1.5661735334485856,0.3815469281249876
30.4,5.6,Male,No,Sun,Dinner,4,1,2.7319859653280227,-0.07986384414864742
18.29,3.0,Male,No,Sun,Dinner,2,0,-0.29320718136393037,0.45137403973568124
22.23,5.0,Male,No,Sun,Dinner,2,1,0.7946072121130527,0.47094056695537667
32.4,6.0,Male,No,Sun,Dinner,4,1,3.03168474716574,-0.06374199420989043
28.55,2.05,Male,No,Sun,Dinner,3,1,0.5809520470034384,0.25074878030996517
18.04,3.0,Male,No,Sun,Dinner,2,0,-0.31014940560945853,0.4488557756072121
12.54,2.5,Male,No,Sun,Dinner,2,0,-0.8880795738529428,0.3984842936421372
10.29,2.6,Female,No,Sun,Dinner,2,0,-1.1087062221448938,-0.08030533714182911
34.81,5.2,Female,No,Sun,Dinner,4,1,2.757498936095078,-0.4865365896889541
9.94,1.56,Male,No,Sun,Dinner,2,0,-1.4500570275091413,0.38175136496519835
25.56,4.34,Male,No,Sun,Dinner,4,1,1.8868773921330988,-0.11594100894547285
19.49,3.51,Male,No,Sun,Dinner,2,0,-0.0025792454466932666,0.4583307721138635
38.01,3.0,Male,Yes,Sat,Dinner,4,1,2.115833415132461,0.7146347191983041
26.41,1.5,Female,No,Sat,Dinner,2,0,-0.5272199510674979,0.2988102596393266
11.24,1.76,Male,Yes,Sat,Dinner,2,0,-1.3447044025473898,1.0845191000866234
48.27,6.73,Male,No,Sat,Dinner,4,1,4.347265313518832,0.29444433481064247
20.29,3.21,Male,Yes,Sat,Dinner,2,0,-0.13631230381786308,1.1610923078395947
13.81,2.0,Male,Yes,Sat,Dinner,2,0,-1.0720417445792654,1.107992297473888
11.02,1.98,Male,Yes,Sat,Dinner,2,0,-1.2693250165530343,1.0800896829546232
18.29,3.76,Male,Yes,Sat,Dinner,4,1,1.0913366436048357,0.5083479448755744
17.59,2.64,Male,No,Sat,Dinner,3,0,0.020836761570727606,0.340083495144348
20.08,3.15,Male,No,Sat,Dinner,3,0,0.39888657459488996,0.3600344704254307
16.45,2.47,Female,No,Sat,Dinner,2,0,-0.8041077694161217,0.1887237787703059
3.07,1.0,Female,Yes,Sat,Dinner,1,0,-2.888201736431892,0.8682815844763
20.23,2.01,Male,No,Sat,Dinner,2,0,-0.6275395978276811,0.6865470228005986
15.01,2.09,Male,Yes,Sat,Dinner,2,0,-0.9537828459291946,1.1191745060955154
12.02,1.97,Male,No,Sat,Dinner,2,0,-1.200338340838175,0.6042496551305746
17.07,3.0,Female,No,Sat,Dinner,3,0,0.02415494717560112,-0.12389551887845948
26.86,3.14,Female,Yes,Sat,Dinner,2,0,0.1710142994261853,0.7728573473208397
25.28,5.0,Female,Yes,Sat,Dinner,2,1,0.8272880358061847,0.738229094665087
14.73,2.2,Female,No,Sat,Dinner,2,0,-1.0314789390399621,0.1741144991515107
10.51,1.25,Male,No,Sat,Dinner,2,0,-1.59815915345345,0.5962830133548133
17.92,3.08,Male,Yes,Sat,Dinner,2,0,-0.35027691072435463,1.1385270494056317
27.2,4.0,Male,No,Thur,Lunch,4,1,1.603040965530949,-1.5123033698954436
22.76,3.0,Male,No,Thur,Lunch,2,0,-0.24572078981423315,-0.9199021949056658
17.29,2.71,Male,No,Thur,Lunch,2,0,-0.7354333725146709,-0.9720842232970471
19.44,3.0,Male,Yes,Thur,Lunch,2,0,-0.47603533122443126,-0.46733105161658506
16.66,3.4,Male,No,Thur,Lunch,2,0,-0.49495007353162834,-0.985372102729306
10.07,1.83,Female,No,Thur,Lunch,1,0,-2.2637985506282123,-1.1775450562924896
32.68,5.0,Male,Yes,Thur,Lunch,2,1,1.242029804186199,-0.354085098817841
15.98,2.03,Male,No,Thur,Lunch,2,0,-1.1032843069461744,-0.9784386800789328
34.83,5.17,Female,No,Thur,Lunch,4,1,2.4911016619838615,-1.9023361060853756
13.03,2.0,Male,No,Thur,Lunch,2,0,-1.3155146271339186,-1.007852377063193
18.28,4.0,Male,No,Thur,Lunch,2,0,-0.13892297861036806,-0.9750901458103195
24.71,5.85,Male,No,Thur,Lunch,2,1,1.0560755978995158,-0.9289326092126992
21.16,3.0,Male,No,Thur,Lunch,2,0,-0.35415102498561346,-0.9360190853278677
28.97,3.0,Male,Yes,Fri,Dinner,2,0,0.3364992068203997,0.9613779474925878
22.49,3.5,Male,No,Fri,Dinner,2,0,0.10787979264775896,0.40506052150627603
5.75,1.0,Female,Yes,Fri,Dinner,2,0,-2.1670863975222847,0.29248370282986325
16.32,4.3,Female,Yes,Fri,Dinner,2,0,-0.09644100646504683,0.3657557396973229
22.75,3.25,Female,No,Fri,Dinner,2,0,-0.08628778860839464,-0.04492450722499011
40.17,4.73,Male,Yes,Fri,Dinner,4,1,2.942972508633786,0.4297263543991968
27.28,4.0,Male,Yes,Fri,Dinner,2,0,0.6323722406043593,0.9342938242616486
12.03,1.5,Male,Yes,Fri,Dinner,2,0,-1.4271096125821823,0.8058313567312577
21.01,3.0,Male,Yes,Fri,Dinner,2,0,-0.20294121315721642,0.8811964176421333
12.46,1.5,Male,No,Fri,Dinner,2,0,-1.3926471834502896,0.32414908011707455
11.35,2.5,Female,Yes,Fri,Dinner,2,0,-1.1719768698968598,0.33380183272383734
15.38,3.0,Female,Yes,Fri,Dinner,2,0,-0.6936669802170811,0.3693659216135142
44.3,2.5,Female,Yes,Sat,Dinner,3,1,1.6589789737270784,0.6414378297707833
22.42,3.48,Female,Yes,Sat,Dinner,2,0,0.009657236518073396,0.7247123527735834
20.92,4.08,Female,No,Sat,Dinner,2,0,0.15956717628472644,0.2175526824541262
15.36,1.64,Male,Yes,Sat,Dinner,2,0,-1.1147448433431337,1.127227371850492
20.49,4.06,Male,Yes,Sat,Dinner,2,0,0.2260835748097295,1.154555360078255
25.21,4.29,Male,Yes,Sat,Dinner,2,0,0.6403453365925593,1.1997862355475784
18.24,3.76,Male,No,Sat,Dinner,2,0,-0.04419538087555854,0.6488954893236304
14.31,4.0,Female,Yes,Sat,Dinner,2,0,-0.32653923377132066,0.6377883224303534
14.0,3.0,Male,No,Sat,Dinner,2,0,-0.6434413810393502,0.6138318295738864
7.25,1.0,Female,No,Sat,Dinner,1,0,-2.5996059436170764,0.4243732697891526
38.07,4.0,Male,No,Sun,Dinner,3,1,2.0263967621564225,0.32702599576321423
23.95,2.55,Male,No,Sun,Dinner,2,0,-0.09431633580285145,0.5129148355793404
25.71,4.0,Female,No,Sun,Dinner,3,1,1.0795863184069407,-0.2525961706037916
17.31,3.5,Female,No,Sun,Dinner,2,0,-0.26360634261510657,-0.018647072364657707
29.93,5.07,Male,No,Sun,Dinner,4,1,2.4826212748140533,-0.07926603211725039
10.65,1.5,Female,No,Thur,Lunch,2,0,-1.791192713843782,-1.4819151105604702
12.43,1.8,Female,No,Thur,Lunch,2,0,-1.5474433363105027,-1.467003267282517
24.08,2.92,Female,No,Thur,Lunch,4,1,0.839180462637759,-1.987984983733946
11.69,2.31,Male,No,Thur,Lunch,2,0,-1.2791001834879934,-1.0244690766857585
13.42,1.68,Female,No,Thur,Lunch,2,0,-1.5296004246602588,-1.455823662407081
14.26,2.5,Male,No,Thur,Lunch,2,0,-1.0269576490040553,-1.0004928464123695
15.95,2.0,Male,No,Thur,Lunch,2,0,-1.1176294479461497,-0.9784390520426743
12.48,2.52,Female,No,Thur,Lunch,2,0,-1.2485651132891116,-1.473743288017015
29.8,4.2,Female,No,Thur,Lunch,6,1,2.889599097631491,-2.5703096305482585
8.52,1.48,Male,No,Thur,Lunch,2,0,-1.834561636758786,-1.0480503199250806
14.52,2.0,Female,No,Thur,Lunch,2,0,-1.3237258476811415,-1.4479627107130135
11.38,2.0,Female,No,Thur,Lunch,2,0,-1.536520184204975,-1.4795921081665848
22.82,2.18,Male,No,Thur,Lunch,3,0,-0.009451989605528337,-1.2245805162768426
19.08,1.5,Male,No,Thur,Lunch,2,0,-1.1107140352340021,-0.9418800562929978
20.27,2.83,Female,No,Thur,Lunch,2,0,-0.5934206401964982,-1.3983929816678908
11.17,1.5,Female,No,Thur,Lunch,2,0,-1.7559528874130834,-1.4766771211732546
12.26,2.0,Female,No,Thur,Lunch,2,0,-1.476883554860716,-1.4707278184343737
18.26,3.25,Female,No,Thur,Lunch,2,0,-0.557267085863378,-1.422865301504227
8.51,1.25,Female,No,Thur,Lunch,2,0,-2.0388187708064356,-1.5009562870695432
10.33,2.0,Female,No,Thur,Lunch,2,0,-1.6076775260361933,-1.4901688175061547
14.15,2.0,Female,No,Thur,Lunch,2,0,-1.3488003395645232,-1.4516897416231476
16.0,2.0,Male,Yes,Thur,Lunch,2,0,-1.119562806526628,-0.4919217083018308
13.16,2.75,Female,No,Thur,Lunch,2,0,-1.1080896953140174,-1.4692075608637514
17.47,3.5,Female,No,Thur,Lunch,2,0,-0.5082038970583148,-1.4333381805808112
34.3,6.7,Male,No,Thur,Lunch,6,1,4.329752185310892,-2.0950133326865408
41.19,5.0,Male,No,Thur,Lunch,5,1,3.5302629955248706,-1.6949744110832539
27.05,5.0,Female,No,Thur,Lunch,6,1,3.0315566066776647,-2.6060590621394084
16.43,2.3,Female,No,Thur,Lunch,2,0,-1.0711665135401873,-1.4317413700882564
8.35,1.5,Female,No,Thur,Lunch,2,0,-1.9470611769026411,-1.5050831405423855
18.64,1.36,Female,No,Thur,Lunch,3,0,-0.738442881181988,-1.713555341027901
11.87,1.63,Female,No,Thur,Lunch,2,0,-1.65516233846672,-1.4709338671174648
9.78,1.73,Male,No,Thur,Lunch,2,0,-1.6465722091403916,-1.0378734331482187
7.51,2.0,Male,No,Thur,Lunch,2,0,-1.6895989384751802,-1.0634556490197895
14.07,2.5,Male,No,Sun,Dinner,2,0,-0.7843931614703102,0.41389607010836793
13.13,2.0,Male,No,Sun,Dinner,2,0,-1.0532971594753608,0.4094577258465685
17.26,2.74,Male,No,Sun,Dinner,3,0,0.09901890415716053,0.13008211843978593
24.55,2.0,Male,No,Sun,Dinner,4,1,0.8580890271212378,-0.102572856953865
19.77,2.0,Male,No,Sun,Dinner,4,1,0.5341536995467395,-0.15072206709019323
29.85,5.14,Female,No,Sun,Dinner,5,1,2.965473750413212,-0.8494277546288803
48.17,5.0,Male,No,Sun,Dinner,6,1,4.827463165950799,-0.5218941234524739
25.0,3.75,Female,No,Sun,Dinner,4,1,1.4976024756591446,-0.5707653203924714
13.39,2.61,Female,No,Sun,Dinner,2,0,-0.8945186168035072,-0.049179468526037745
16.49,2.0,Male,No,Sun,Dinner,4,0,0.3118717174454099,-0.18376169245570714
21.5,3.5,Male,No,Sun,Dinner,4,1,1.2669975958513888,-0.14838666590491997
12.66,2.5,Male,No,Sun,Dinner,2,0,-0.8799473062150891,0.39969306042380237
16.21,2.0,Female,No,Sun,Dinner,3,0,-0.3850231422905884,-0.3281688920406387
13.81,2.0,Male,No,Sun,Dinner,2,0,-1.0072143095275243,0.4163074042760043
17.51,3.0,Female,Yes,Sun,Dinner,2,0,-0.46057560149013277,0.47441155871451157
24.52,3.48,Male,No,Sun,Dinner,3,1,0.8947189238132578,0.19576762201588568
20.76,2.24,Male,No,Sun,Dinner,2,0,-0.43772388277774654,0.48390058919404655
31.71,4.5,Male,No,Sun,Dinner,4,1,2.369320503722488,-0.0556014166207324
10.59,1.61,Female,Yes,Sat,Dinner,2,0,-1.559501433088893,0.6243615241554813
10.63,2.0,Female,Yes,Sat,Dinner,2,0,-1.396733714032954,0.6208407899042657
50.81,10.0,Male,Yes,Sat,Dinner,3,1,5.287359892759174,1.0866776826129505
15.81,3.16,Male,Yes,Sat,Dinner,2,0,-0.46043708578191395,1.1164680475435538
7.25,5.15,Male,Yes,Sun,Dinner,2,0,-0.16433229765601878,0.8045507726342879
31.85,3.18,Male,Yes,Sun,Dinner,2,1,0.6942897028270042,1.0721674585889442
16.82,4.0,Male,Yes,Sun,Dinner,2,0,0.012253206326509607,0.9125196798529446
32.9,3.11,Male,Yes,Sun,Dinner,2,1,0.7367188717803609,1.0834484139690883
17.89,2.0,Male,Yes,Sun,Dinner,2,0,-0.7360390132700889,0.943419165767769
14.48,2.0,Male,Yes,Sun,Dinner,2,0,-0.9671309519790932,0.9090700430554511
9.6,4.0,Female,Yes,Sun,Dinner,2,0,-0.5862251069349139,0.38467302396726244
34.63,3.55,Male,Yes,Sun,Dinner,2,1,1.034536150220257,1.0964481123401995
34.65,3.68,Male,Yes,Sun,Dinner,4,1,2.2267092322796556,0.4682767997776539
23.33,5.65,Male,Yes,Sun,Dinner,2,1,1.1305928006582169,0.9614951925161729
45.35,3.5,Male,Yes,Sun,Dinner,3,1,2.3092312939147535,0.8914018669606271
23.17,6.5,Male,Yes,Sun,Dinner,4,1,2.606057259433121,0.324267056220938
40.55,3.0,Male,Yes,Sun,Dinner,2,1,1.210006662028312,1.1616139686497151
20.69,5.0,Male,No,Sun,Dinner,5,1,2.3964411853519083,-0.48516927235934204
20.9,3.5,Female,Yes,Sun,Dinner,3,1,0.54309488565153,0.18999644734085788
30.46,2.0,Male,Yes,Sun,Dinner,5,1,1.8220140963863756,0.12944015386384336
18.15,3.5,Female,Yes,Sun,Dinner,3,0,0.35673041895072016,0.16229554192769827
23.1,4.0,Male,Yes,Sun,Dinner,3,1,1.0065745709046134,0.6622460306656374
15.69,1.5,Male,Yes,Sun,Dinner,2,0,-1.0903318214726017,0.9262887702984856
19.81,4.19,Female,Yes,Thur,Lunch,2,0,-0.0717687774679819,-0.9306953912517081
28.44,2.56,Male,Yes,Thur,Lunch,2,0,-0.04669234504625868,-0.3722468535938045
15.48,2.02,Male,Yes,Thur,Lunch,2,0,-1.1465945835636522,-0.4973609108434962
16.58,4.0,Male,Yes,Thur,Lunch,2,0,-0.2594519069095439,-0.5062006509687594
7.56,1.44,Male,No,Thur,Lunch,2,0,-1.9160358766489631,-1.0573180278695022
10.34,2.0,Male,Yes,Thur,Lunch,2,0,-1.5031347634453855,-0.5489352081703701
43.11,5.0,Female,Yes,Thur,Lunch,4,1,2.977137905719936,-1.331207195422508
13.0,2.0,Female,Yes,Thur,Lunch,2,0,-1.4320563745235366,-0.9772600656989554
13.51,2.0,Male,Yes,Thur,Lunch,2,0,-1.2883073600120887,-0.5170036190213826
18.71,4.0,Male,Yes,Thur,Lunch,3,0,0.4536285351927926,-0.7982774846886528
12.74,2.01,Female,Yes,Thur,Lunch,2,0,-1.4455722630420487,-0.9799796669697881
16.4,2.5,Female,Yes,Thur,Lunch,2,0,-0.996440889942489,-0.9480420024130206
20.53,4.0,Male,Yes,Thur,Lunch,4,1,1.145700619230674,-1.093476965927848
16.47,3.23,Female,Yes,Thur,Lunch,3,0,-0.12337057275418223,-1.2682136126889156
26.59,3.41,Male,Yes,Sat,Dinner,3,1,0.941444932636629,0.9090079882380676
38.73,3.0,Male,Yes,Sat,Dinner,4,1,2.164627020959582,0.721887319888295
24.27,2.03,Male,Yes,Sat,Dinner,2,0,-0.35086700805585597,1.2130546488773586
12.76,2.23,Female,Yes,Sat,Dinner,2,0,-1.1579933954337964,0.6399824490026498
30.06,2.0,Male,Yes,Sat,Dinner,3,1,0.5979355229105008,0.9581470217299265
25.89,5.16,Male,Yes,Sat,Dinner,4,1,2.1809437182261124,0.5708182535695497
48.33,9.0,Male,No,Sat,Dinner,4,1,5.282945053519826,0.27221102517142637
13.27,2.5,Female,Yes,Sat,Dinner,2,0,-1.012622591158312,0.6424033302396547
28.17,6.5,Female,Yes,Sat,Dinner,3,1,2.207476544140521,0.43871679731200675
12.9,1.1,Female,Yes,Sat,Dinner,2,0,-1.6122605405989152,0.6527612201410044
28.15,3.0,Male,Yes,Sat,Dinner,5,1,2.0163647824192674,0.3017819378770351
11.59,1.5,Male,Yes,Sat,Dinner,2,0,-1.4276899307214201,1.090660440874327
7.74,1.44,Male,Yes,Sat,Dinner,2,0,-1.7132243322835774,1.052482812759253
30.14,3.09,Female,Yes,Sat,Dinner,4,1,1.5102415411042007,0.17933511738357846
12.16,2.2,Male,Yes,Fri,Lunch,2,0,-1.2664651859730542,-0.0850386794788692
13.42,3.48,Female,Yes,Fri,Lunch,2,0,-0.7649480916309891,-0.5403434580116664
8.58,1.92,Male,Yes,Fri,Lunch,1,0,-2.1927232202108984,0.19524920645820057
15.98,3.0,Female,No,Fri,Lunch,3,0,-0.21439840584495054,-1.3092734526389485
13.42,1.58,Male,Yes,Fri,Lunch,2,0,-1.4355259069795048,-0.06610902048344233
16.27,2.5,Female,Yes,Fri,Lunch,2,0,-0.9740011555220233,-0.5017758023790806
10.09,2.0,Female,Yes,Fri,Lunch,2,0,-1.598014173713344,-0.5589969627735913
20.45,3.0,Male,No,Sat,Dinner,4,1,0.9311333875561487,0.0517381558994883
13.28,2.72,Male,No,Sat,Dinner,2,0,-0.8071476783779156,0.6093962130461924
22.12,2.88,Female,Yes,Sat,Dinner,2,0,-0.2569149143867983,0.7277268304529135
24.01,2.0,Male,Yes,Sat,Dinner,4,1,0.7566663876991561,0.5836725857265258
15.69,3.0,Male,Yes,Sat,Dinner,3,0,0.034498942961272074,0.8033365419030373
11.61,3.39,Male,No,Sat,Dinner,2,0,-0.6453520816499447,0.5858335679939518
10.77,1.47,Male,No,Sat,Dinner,2,0,-1.4902506969076803,0.5966886633494736
15.53,3.0,Male,Yes,Sat,Dinner,2,0,-0.5450767720863021,1.1152572969552668
10.07,1.25,Male,No,Sat,Dinner,2,0,-1.6279774681255796,0.5918508684887077
12.6,1.0,Male,Yes,Sat,Dinner,2,0,-1.5644445796113513,1.1058645568145862
32.83,1.17,Male,Yes,Sat,Dinner,2,0,-0.12371137381697936,1.3079321782774787
35.83,4.67,Female,No,Sat,Dinner,3,1,1.9808715789318623,0.048273722925302326
29.03,5.92,Male,No,Sat,Dinner,3,1,2.142233043608729,0.4223203043333298
27.18,2.0,Female,Yes,Sat,Dinner,2,0,-0.2751584689789906,0.7875498752089168
22.67,2.0,Male,Yes,Sat,Dinner,2,0,-0.47160931731774774,1.197239578186831
17.82,1.75,Male,No,Sat,Dinner,2,0,-0.8975672816723421,0.664886727610004
18.78,3.0,Female,No,Thur,Dinner,2,0,-0.48918061807645435,-0.5299750745352003
