ID,Age,Vol,combined_text,Cluster
1.1.1,9.67,5.0,1.1.1,0
1.1.1,19.67,38.0,1.1.1,0
1.1.1,29.67,123.0,1.1.1,0
1.1.1,39.67,263.0,1.1.1,0
1.1.1,49.67,400.0,1.1.1,0
1.1.1,59.67,555.0,1.1.1,0
1.1.1,69.67,688.0,1.1.1,0
1.1.1,79.67,820.0,1.1.1,0
1.1.1,89.67,928.0,1.1.1,0
1.1.1,99.67,1023.0,1.1.1,0
1.1.1,109.67,1104.0,1.1.1,0
1.1.1,119.67,1156.0,1.1.1,0
1.1.1,129.67,1219.0,1.1.1,0
1.1.2,9.21,6.0,1.1.2,0
1.1.2,19.21,53.0,1.1.2,0
1.1.2,29.21,152.0,1.1.2,0
1.1.2,39.21,286.0,1.1.2,0
1.1.2,49.21,465.0,1.1.2,0
1.1.2,59.21,679.0,1.1.2,0
1.1.2,69.21,890.0,1.1.2,0
1.1.2,79.21,1092.0,1.1.2,0
1.1.2,89.21,1316.0,1.1.2,0
1.1.2,99.21,1513.0,1.1.2,0
1.1.2,109.21,1772.0,1.1.2,0
1.1.2,119.21,2045.0,1.1.2,0
1.1.2,129.21,2296.0,1.1.2,0
1.1.3,0.7,0.6,1.1.3,0
1.1.3,10.7,13.0,1.1.3,0
1.1.3,20.7,71.0,1.1.3,0
1.1.3,30.7,186.0,1.1.3,0
1.1.3,40.7,370.0,1.1.3,0
1.1.3,50.7,595.0,1.1.3,0
1.1.3,60.7,847.0,1.1.3,0
1.1.3,70.7,1068.0,1.1.3,0
1.1.3,80.7,1284.0,1.1.3,0
1.1.3,90.7,1473.0,1.1.3,0
1.1.3,100.7,1678.0,1.1.3,0
1.1.3,110.7,1922.0,1.1.3,0
1.1.3,120.7,2155.0,1.1.3,0
1.1.3,130.7,2380.0,1.1.3,0
1.1.4,9.82,23.0,1.1.4,0
1.1.4,19.82,142.0,1.1.4,0
1.1.4,29.82,434.0,1.1.4,0
1.1.4,39.82,813.0,1.1.4,0
1.1.4,49.82,1158.0,1.1.4,0
1.1.4,59.82,1505.0,1.1.4,0
1.1.4,69.82,1796.0,1.1.4,0
1.1.4,79.82,2091.0,1.1.4,0
1.1.4,89.82,2379.0,1.1.4,0
1.1.4,99.82,2717.0,1.1.4,0
1.1.4,109.82,3063.0,1.1.4,0
1.1.4,119.82,3484.0,1.1.4,0
1.1.4,129.82,3919.0,1.1.4,0
1.1.6,1.21,1.3,1.1.6,0
1.1.6,11.21,40.0,1.1.6,0
1.1.6,21.21,134.0,1.1.6,0
1.1.6,31.21,281.0,1.1.6,0
1.1.6,41.21,498.0,1.1.6,0
1.1.6,51.21,688.0,1.1.6,0
1.1.6,61.21,902.0,1.1.6,0
1.1.6,71.21,1103.0,1.1.6,0
1.1.6,81.21,1320.0,1.1.6,0
1.1.6,91.21,1481.0,1.1.6,0
1.1.6,101.21,1616.0,1.1.6,0
1.1.6,111.21,1738.0,1.1.6,0
1.1.6,121.21,1874.0,1.1.6,0
1.1.6,131.21,1988.0,1.1.6,0
1.1.6,141.21,2093.0,1.1.6,0
1.1.7,1.2,0.9,1.1.7,0
1.1.7,11.2,29.0,1.1.7,0
1.1.7,21.2,121.0,1.1.7,0
1.1.7,31.2,314.0,1.1.7,0
1.1.7,41.2,580.0,1.1.7,0
1.1.7,51.2,868.0,1.1.7,0
1.1.7,61.2,1181.0,1.1.7,0
1.1.7,71.2,1552.0,1.1.7,0
1.1.7,81.2,1913.0,1.1.7,0
1.1.7,91.2,2233.0,1.1.7,0
1.1.7,101.2,2513.0,1.1.7,0
1.1.7,111.2,2771.0,1.1.7,0
1.1.7,121.2,3052.0,1.1.7,0
1.1.7,131.2,3368.0,1.1.7,0
1.1.7,141.2,3678.0,1.1.7,0
1.2.1,9.21,11.0,1.2.1,0
1.2.1,19.21,80.0,1.2.1,0
1.2.1,29.21,240.0,1.2.1,0
1.2.1,39.21,505.0,1.2.1,0
1.2.1,49.21,805.0,1.2.1,0
1.2.1,59.21,1079.0,1.2.1,0
1.2.1,69.21,1335.0,1.2.1,0
1.2.1,79.21,1538.0,1.2.1,0
1.2.1,89.21,1761.0,1.2.1,0
1.2.1,99.21,1988.0,1.2.1,0
1.2.1,109.21,2176.0,1.2.1,0
1.2.1,119.21,2338.0,1.2.1,0
1.2.1,129.21,2550.0,1.2.1,0
1.2.1,139.21,2794.0,1.2.1,0
1.2.2,8.71,6.0,1.2.2,0
1.2.2,18.71,71.0,1.2.2,0
1.2.2,28.71,215.0,1.2.2,0
1.2.2,38.71,452.0,1.2.2,0
1.2.2,48.71,714.0,1.2.2,0
1.2.2,58.71,967.0,1.2.2,0
1.2.2,68.71,1261.0,1.2.2,0
1.2.2,78.71,1476.0,1.2.2,0
1.2.2,88.71,1695.0,1.2.2,0
1.2.2,98.71,1915.0,1.2.2,0
1.2.2,108.71,2107.0,1.2.2,0
1.2.2,118.71,2321.0,1.2.2,0
1.2.2,128.71,2508.0,1.2.2,0
1.2.2,138.71,2694.0,1.2.2,0
1.3.1,9.74,8.0,1.3.1,0
1.3.1,19.74,66.0,1.3.1,0
1.3.1,29.74,201.0,1.3.1,0
1.3.1,39.74,437.0,1.3.1,0
1.3.1,49.74,709.0,1.3.1,0
1.3.2,10.0,10.0,1.3.2,0
1.3.2,20.0,82.0,1.3.2,0
1.3.2,30.0,259.0,1.3.2,0
1.3.2,40.0,503.0,1.3.2,0
1.3.2,50.0,752.0,1.3.2,0
1.3.5,1.89,0.8,1.3.5,0
1.3.5,11.89,11.0,1.3.5,0
1.3.5,21.89,52.0,1.3.5,0
1.3.5,31.89,166.0,1.3.5,0
1.3.5,41.89,341.0,1.3.5,0
1.3.5,51.89,581.0,1.3.5,0
1.3.5,61.89,848.0,1.3.5,0
1.3.5,71.89,1145.0,1.3.5,0
1.3.5,81.89,1445.0,1.3.5,0
1.3.5,91.89,1713.0,1.3.5,0
1.3.6,1.91,1.4,1.3.6,0
1.3.6,11.91,24.0,1.3.6,0
1.3.6,21.91,117.0,1.3.6,0
1.3.6,31.91,227.0,1.3.6,0
1.3.6,41.91,511.0,1.3.6,0
1.3.6,51.91,747.0,1.3.6,0
1.3.6,61.91,1002.0,1.3.6,0
1.3.6,71.91,1278.0,1.3.6,0
1.3.6,81.91,1553.0,1.3.6,0
1.3.6,91.91,1836.0,1.3.6,0
1.3.10,10.0,10.0,1.3.10,3
1.3.10,20.0,56.0,1.3.10,3
1.3.10,30.0,152.0,1.3.10,3
1.3.10,40.0,303.0,1.3.10,3
1.3.10,50.0,510.0,1.3.10,3
1.3.10,60.0,758.0,1.3.10,3
1.3.10,70.0,1016.0,1.3.10,3
1.3.10,80.0,1252.0,1.3.10,3
1.3.10,90.0,1507.0,1.3.10,3
1.3.10,100.0,1745.0,1.3.10,3
1.3.10,110.0,1973.0,1.3.10,3
1.3.11,2.44,2.2,1.3.11,1
1.3.11,12.44,20.0,1.3.11,1
1.3.11,22.44,93.0,1.3.11,1
1.3.11,32.44,262.0,1.3.11,1
1.3.11,42.44,476.0,1.3.11,1
1.3.11,52.44,705.0,1.3.11,1
1.3.11,62.44,967.0,1.3.11,1
1.3.11,72.44,1203.0,1.3.11,1
1.3.11,82.44,1409.0,1.3.11,1
1.3.11,92.44,1659.0,1.3.11,1
1.3.11,102.44,1898.0,1.3.11,1
1.3.11,112.44,2106.0,1.3.11,1
1.3.12,2.06,0.8,1.3.12,0
1.3.12,12.06,9.0,1.3.12,0
1.3.12,22.06,84.0,1.3.12,0
1.3.12,32.06,305.0,1.3.12,0
1.3.12,42.06,633.0,1.3.12,0
1.3.12,52.06,1034.0,1.3.12,0
1.3.12,62.06,1408.0,1.3.12,0
1.3.12,72.06,1746.0,1.3.12,0
1.3.12,82.06,2085.0,1.3.12,0
1.3.12,92.06,2411.0,1.3.12,0
1.3.12,102.06,2790.0,1.3.12,0
1.3.12,112.06,3111.0,1.3.12,0
1.4.1,1.78,0.9,1.4.1,0
1.4.1,11.78,17.0,1.4.1,0
1.4.1,21.78,77.0,1.4.1,0
1.4.1,31.78,194.0,1.4.1,0
1.4.1,41.78,339.0,1.4.1,0
1.4.1,51.78,503.0,1.4.1,0
1.4.1,61.78,665.0,1.4.1,0
1.4.2,2.05,0.1,1.4.2,0
1.4.2,12.05,6.0,1.4.2,0
1.4.2,22.05,46.0,1.4.2,0
1.4.2,32.05,146.0,1.4.2,0
1.4.2,42.05,316.0,1.4.2,0
1.4.2,52.05,525.0,1.4.2,0
1.4.2,62.05,765.0,1.4.2,0
1.4.6,9.44,17.0,1.4.6,0
1.4.6,19.44,72.0,1.4.6,0
1.4.6,29.44,188.0,1.4.6,0
1.4.6,39.44,335.0,1.4.6,0
1.4.6,49.44,483.0,1.4.6,0
1.4.6,59.44,644.0,1.4.6,0
1.4.6,69.44,999.0,1.4.6,0
1.4.6,79.44,1280.0,1.4.6,0
1.4.6,89.44,1576.0,1.4.6,0
1.4.6,99.44,1850.0,1.4.6,0
1.5.4,9.77,16.0,1.5.4,0
1.5.4,19.77,92.0,1.5.4,0
1.5.4,29.77,287.0,1.5.4,0
1.5.4,39.77,488.0,1.5.4,0
1.5.4,49.77,679.0,1.5.4,0
1.5.4,59.77,874.0,1.5.4,0
1.5.4,69.77,1080.0,1.5.4,0
1.5.4,79.77,1265.0,1.5.4,0
1.5.13,9.55,4.0,1.5.13,2
1.5.13,19.55,28.0,1.5.13,2
1.5.13,29.55,109.0,1.5.13,2
1.5.13,39.55,285.0,1.5.13,2
1.5.13,49.55,470.0,1.5.13,2
1.5.13,59.55,699.0,1.5.13,2
1.5.13,69.55,932.0,1.5.13,2
1.5.13,79.55,1161.0,1.5.13,2
1.5.25,0.43,0.4,1.5.25,0
1.5.25,10.43,16.0,1.5.25,0
1.5.25,20.43,84.0,1.5.25,0
1.5.25,30.43,206.0,1.5.25,0
1.5.25,40.43,260.0,1.5.25,0
1.5.25,50.43,563.0,1.5.25,0
1.5.25,60.43,793.0,1.5.25,0
1.5.25,70.43,1072.0,1.5.25,0
1.5.25,80.43,1305.0,1.5.25,0
1.5.25,90.43,1560.0,1.5.25,0
1.5.25,100.43,1808.0,1.5.25,0
1.5.25,110.43,2099.0,1.5.25,0
1.5.25,120.43,2418.0,1.5.25,0
1.5.25,130.43,2771.0,1.5.25,0
1.5.25,140.43,3124.0,1.5.25,0
2.1.8,10.0,5.0,2.1.8,0
2.1.8,20.0,23.0,2.1.8,0
2.1.8,30.0,65.0,2.1.8,0
2.1.8,40.0,126.0,2.1.8,0
2.1.8,50.0,206.0,2.1.8,0
2.1.8,60.0,304.0,2.1.8,0
2.1.8,70.0,400.0,2.1.8,0
2.1.8,80.0,512.0,2.1.8,0
2.1.8,90.0,607.0,2.1.8,0
2.1.8,100.0,697.0,2.1.8,0
2.1.8,110.0,759.0,2.1.8,0
2.1.8,120.0,815.0,2.1.8,0
2.1.8,130.0,880.0,2.1.8,0
2.1.8,140.0,943.0,2.1.8,0
2.1.9,7.5,1.0,2.1.9,0
2.1.9,17.5,7.0,2.1.9,0
2.1.9,27.5,27.0,2.1.9,0
2.1.9,37.5,75.0,2.1.9,0
2.1.9,47.5,170.0,2.1.9,0
2.1.9,57.5,283.0,2.1.9,0
2.1.9,67.5,425.0,2.1.9,0
2.1.9,77.5,591.0,2.1.9,0
2.1.9,87.5,764.0,2.1.9,0
2.1.9,97.5,950.0,2.1.9,0
2.1.9,107.5,1128.0,2.1.9,0
2.1.9,117.5,1361.0,2.1.9,0
2.1.9,127.5,1626.0,2.1.9,0
2.1.9,137.5,1890.0,2.1.9,0
2.1.10,10.0,7.0,2.1.10,3
2.1.10,20.0,51.0,2.1.10,3
2.1.10,30.0,153.0,2.1.10,3
2.1.10,40.0,289.0,2.1.10,3
2.1.10,50.0,453.0,2.1.10,3
2.1.10,60.0,604.0,2.1.10,3
2.1.10,70.0,812.0,2.1.10,3
2.1.10,80.0,997.0,2.1.10,3
2.1.10,90.0,1184.0,2.1.10,3
2.1.10,100.0,1368.0,2.1.10,3
2.1.10,110.0,1539.0,2.1.10,3
2.1.10,120.0,1754.0,2.1.10,3
2.1.10,130.0,1995.0,2.1.10,3
2.1.10,140.0,2257.0,2.1.10,3
2.1.11,10.0,9.0,2.1.11,1
2.1.11,20.0,30.0,2.1.11,1
2.1.11,30.0,68.0,2.1.11,1
2.1.11,40.0,120.0,2.1.11,1
2.1.11,50.0,252.0,2.1.11,1
2.1.11,60.0,428.0,2.1.11,1
2.1.11,70.0,651.0,2.1.11,1
2.1.11,80.0,876.0,2.1.11,1
2.1.11,90.0,1118.0,2.1.11,1
2.1.11,100.0,1342.0,2.1.11,1
2.1.11,110.0,1600.0,2.1.11,1
2.1.11,120.0,1883.0,2.1.11,1
2.1.11,130.0,2137.0,2.1.11,1
2.1.11,140.0,2385.0,2.1.11,1
2.3.3,10.0,4.0,2.3.3,0
2.3.3,20.0,24.0,2.3.3,0
2.3.3,30.0,77.0,2.3.3,0
2.3.3,40.0,188.0,2.3.3,0
2.3.3,50.0,358.0,2.3.3,0
2.3.3,60.0,558.0,2.3.3,0
2.3.3,70.0,762.0,2.3.3,0
2.3.4,0.63,0.4,2.3.4,0
2.3.4,10.63,9.0,2.3.4,0
2.3.4,20.62,52.0,2.3.4,0
2.3.4,30.62,150.0,2.3.4,0
2.3.4,40.63,302.0,2.3.4,0
2.3.4,50.63,510.0,2.3.4,0
2.3.4,60.63,711.0,2.3.4,0
2.3.4,70.62,866.0,2.3.4,0
2.3.7,9.57,4.0,2.3.7,0
2.3.7,19.57,32.0,2.3.7,0
2.3.7,29.57,116.0,2.3.7,0
2.3.7,39.57,271.0,2.3.7,0
2.3.7,49.57,456.0,2.3.7,0
2.3.7,59.57,658.0,2.3.7,0
2.3.7,69.57,857.0,2.3.7,0
2.3.7,79.57,1064.0,2.3.7,0
2.3.7,89.57,1278.0,2.3.7,0
2.3.7,99.57,1514.0,2.3.7,0
2.3.8,6.92,1.0,2.3.8,0
2.3.8,16.92,18.0,2.3.8,0
2.3.8,26.92,84.0,2.3.8,0
2.3.8,36.92,213.0,2.3.8,0
2.3.8,46.92,364.0,2.3.8,0
2.3.8,56.92,525.0,2.3.8,0
2.3.8,66.92,674.0,2.3.8,0
2.3.8,76.92,858.0,2.3.8,0
2.3.8,86.92,1064.0,2.3.8,0
2.3.8,96.92,1305.0,2.3.8,0
2.4.5,8.62,4.0,2.4.5,0
2.4.5,18.62,27.0,2.4.5,0
2.4.5,28.62,83.0,2.4.5,0
2.4.5,38.62,181.0,2.4.5,0
2.4.5,48.62,333.0,2.4.5,0
2.4.5,58.62,494.0,2.4.5,0
2.4.5,68.62,678.0,2.4.5,0
2.4.5,78.62,852.0,2.4.5,0
2.4.5,88.62,1009.0,2.4.5,0
2.4.7,8.71,6.0,2.4.7,0
2.4.7,18.71,45.0,2.4.7,0
2.4.7,28.71,139.0,2.4.7,0
2.4.7,38.71,266.0,2.4.7,0
2.4.7,48.71,405.0,2.4.7,0
2.4.7,58.71,573.0,2.4.7,0
2.4.7,68.71,765.0,2.4.7,0
2.4.7,78.71,970.0,2.4.7,0
2.4.7,88.71,1186.0,2.4.7,0
2.4.7,98.71,1414.0,2.4.7,0
2.4.7,108.71,1659.0,2.4.7,0
2.4.7,118.71,1950.0,2.4.7,0
2.4.7,128.71,2270.0,2.4.7,0
2.5.2,10.0,7.0,2.5.2,0
2.5.2,20.0,44.0,2.5.2,0
2.5.2,30.0,145.0,2.5.2,0
2.5.2,40.0,250.0,2.5.2,0
2.5.2,50.0,370.0,2.5.2,0
2.5.2,60.0,500.0,2.5.2,0
2.5.2,70.0,637.0,2.5.2,0
2.5.3,1.32,0.5,2.5.3,0
2.5.3,11.32,9.0,2.5.3,0
2.5.3,21.32,54.0,2.5.3,0
2.5.3,31.32,154.0,2.5.3,0
2.5.3,41.32,259.0,2.5.3,0
2.5.3,51.32,372.0,2.5.3,0
2.5.3,61.32,512.0,2.5.3,0
2.5.3,71.32,662.0,2.5.3,0
2.5.6,10.0,7.0,2.5.6,0
2.5.6,20.0,31.0,2.5.6,0
2.5.6,30.0,77.0,2.5.6,0
2.5.6,40.0,144.0,2.5.6,0
2.5.6,50.0,218.0,2.5.6,0
2.5.6,60.0,312.0,2.5.6,0
2.5.6,70.0,420.0,2.5.6,0
2.5.6,80.0,530.0,2.5.6,0
2.5.7,8.75,6.0,2.5.7,0
2.5.7,18.75,36.0,2.5.7,0
2.5.7,28.75,92.0,2.5.7,0
2.5.7,38.75,185.0,2.5.7,0
2.5.7,48.75,280.0,2.5.7,0
2.5.7,58.75,398.0,2.5.7,0
2.5.7,68.75,506.0,2.5.7,0
2.5.7,78.75,609.0,2.5.7,0
2.5.8,9.51,20.0,2.5.8,0
2.5.8,19.51,101.0,2.5.8,0
2.5.8,29.51,250.0,2.5.8,0
2.5.8,39.51,494.0,2.5.8,0
2.5.8,49.51,677.0,2.5.8,0
2.5.8,59.51,870.0,2.5.8,0
2.5.8,69.51,1023.0,2.5.8,0
2.5.8,79.51,1149.0,2.5.8,0
2.5.9,9.26,4.0,2.5.9,0
2.5.9,19.26,22.0,2.5.9,0
2.5.9,29.26,68.0,2.5.9,0
2.5.9,39.26,140.0,2.5.9,0
2.5.9,49.26,236.0,2.5.9,0
2.5.9,59.26,353.0,2.5.9,0
2.5.9,69.26,478.0,2.5.9,0
2.5.9,79.26,601.0,2.5.9,0
2.5.10,0.59,0.5,2.5.10,3
2.5.10,10.59,10.0,2.5.10,3
2.5.10,20.59,43.0,2.5.10,3
2.5.10,30.59,116.0,2.5.10,3
2.5.10,40.59,206.0,2.5.10,3
2.5.10,50.59,298.0,2.5.10,3
2.5.10,60.59,397.0,2.5.10,3
2.5.10,70.59,522.0,2.5.10,3
2.5.10,80.59,630.0,2.5.10,3
2.5.11,1.02,1.4,2.5.11,1
2.5.11,11.02,17.0,2.5.11,1
2.5.11,21.02,66.0,2.5.11,1
2.5.11,31.022,144.0,2.5.11,1
2.5.11,41.02,243.0,2.5.11,1
2.5.11,51.02,370.0,2.5.11,1
2.5.11,61.02,497.0,2.5.11,1
2.5.11,71.02,612.0,2.5.11,1
2.5.11,81.02,754.0,2.5.11,1
2.5.12,0.74,1.1,2.5.12,0
2.5.12,10.74,30.0,2.5.12,0
2.5.12,20.74,103.0,2.5.12,0
2.5.12,30.74,203.0,2.5.12,0
2.5.12,40.74,304.0,2.5.12,0
2.5.12,50.74,388.0,2.5.12,0
2.5.12,60.74,476.0,2.5.12,0
2.5.12,70.74,565.0,2.5.12,0
2.5.12,80.74,643.0,2.5.12,0
2.5.14,6.87,3.0,2.5.14,0
2.5.14,16.87,29.0,2.5.14,0
2.5.14,26.87,130.0,2.5.14,0
2.5.14,36.88,303.0,2.5.14,0
2.5.14,46.88,509.0,2.5.14,0
2.5.14,56.88,723.0,2.5.14,0
2.5.14,66.87,945.0,2.5.14,0
2.5.14,76.87,1172.0,2.5.14,0
2.5.14,86.87,1366.0,2.5.14,0
2.5.14,96.87,1561.0,2.5.14,0
2.5.15,9.74,9.0,2.5.15,0
2.5.15,19.74,58.0,2.5.15,0
2.5.15,29.74,182.0,2.5.15,0
2.5.15,39.74,307.0,2.5.15,0
2.5.15,49.74,429.0,2.5.15,0
2.5.15,59.74,519.0,2.5.15,0
2.5.15,69.74,622.0,2.5.15,0
2.5.15,79.74,755.0,2.5.15,0
2.5.15,89.74,881.0,2.5.15,0
2.5.15,99.74,986.0,2.5.15,0
2.5.17,1.89,0.2,2.5.17,0
2.5.17,11.89,27.0,2.5.17,0
2.5.17,21.89,78.0,2.5.17,0
2.5.17,31.89,149.0,2.5.17,0
2.5.17,41.89,203.0,2.5.17,0
2.5.17,51.89,297.0,2.5.17,0
2.5.17,61.89,397.0,2.5.17,0
2.5.17,71.89,524.0,2.5.17,0
2.5.17,81.89,645.0,2.5.17,0
2.5.17,91.89,759.0,2.5.17,0
2.5.17,101.89,868.0,2.5.17,0
2.5.18,0.8,0.3,2.5.18,0
2.5.18,10.8,9.0,2.5.18,0
2.5.18,20.8,78.0,2.5.18,0
2.5.18,30.8,189.0,2.5.18,0
2.5.18,40.8,329.0,2.5.18,0
2.5.18,50.8,499.0,2.5.18,0
2.5.18,60.8,657.0,2.5.18,0
2.5.18,70.8,791.0,2.5.18,0
2.5.18,80.8,913.0,2.5.18,0
2.5.18,90.8,1005.0,2.5.18,0
2.5.19,1.3,1.5,2.5.19,0
2.5.19,11.3,38.0,2.5.19,0
2.5.19,21.3,126.0,2.5.19,0
2.5.19,31.3,284.0,2.5.19,0
2.5.19,41.3,453.0,2.5.19,0
2.5.19,51.3,611.0,2.5.19,0
2.5.19,61.3,748.0,2.5.19,0
2.5.19,71.3,882.0,2.5.19,0
2.5.19,81.3,1032.0,2.5.19,0
2.5.19,91.3,1202.0,2.5.19,0
2.5.19,101.3,1377.0,2.5.19,0
2.5.21,9.38,6.0,2.5.21,0
2.5.21,19.37,41.0,2.5.21,0
2.5.21,29.37,127.0,2.5.21,0
2.5.21,39.38,252.0,2.5.21,0
2.5.21,49.38,415.0,2.5.21,0
2.5.21,59.38,557.0,2.5.21,0
2.5.21,69.37,710.0,2.5.21,0
2.5.21,79.37,853.0,2.5.21,0
2.5.21,89.37,1006.0,2.5.21,0
2.5.21,99.37,1148.0,2.5.21,0
2.5.21,109.37,1296.0,2.5.21,0
2.5.21,119.37,1495.0,2.5.21,0
2.5.22,9.17,6.0,2.5.22,0
2.5.22,19.17,28.0,2.5.22,0
2.5.22,29.17,101.0,2.5.22,0
2.5.22,39.17,246.0,2.5.22,0
2.5.22,49.17,465.0,2.5.22,0
2.5.22,59.17,747.0,2.5.22,0
2.5.22,69.17,1039.0,2.5.22,0
2.5.22,79.17,1332.0,2.5.22,0
2.5.22,89.17,1566.0,2.5.22,0
2.5.22,99.17,1830.0,2.5.22,0
2.5.22,109.17,2048.0,2.5.22,0
2.5.22,119.17,2264.0,2.5.22,0
2.5.23,10.0,13.0,2.5.23,0
2.5.23,20.0,48.0,2.5.23,0
2.5.23,30.0,111.0,2.5.23,0
2.5.23,40.0,196.0,2.5.23,0
2.5.23,50.0,287.0,2.5.23,0
2.5.23,60.0,369.0,2.5.23,0
2.5.23,70.0,454.0,2.5.23,0
2.5.23,80.0,538.0,2.5.23,0
2.5.23,90.0,606.0,2.5.23,0
2.5.23,100.0,672.0,2.5.23,0
2.5.23,110.0,728.0,2.5.23,0
2.5.23,120.0,780.0,2.5.23,0
2.5.23,130.0,847.0,2.5.23,0
2.5.23,140.0,931.0,2.5.23,0
2.5.24,10.0,11.0,2.5.24,0
2.5.24,20.0,50.0,2.5.24,0
2.5.24,30.0,149.0,2.5.24,0
2.5.24,40.0,297.0,2.5.24,0
2.5.24,50.0,472.0,2.5.24,0
2.5.24,60.0,604.0,2.5.24,0
2.5.24,70.0,782.0,2.5.24,0
2.5.24,80.0,907.0,2.5.24,0
2.5.24,90.0,1043.0,2.5.24,0
2.5.24,100.0,1200.0,2.5.24,0
2.5.24,110.0,1363.0,2.5.24,0
2.5.24,120.0,1566.0,2.5.24,0
2.5.24,130.0,1780.0,2.5.24,0
2.5.24,140.0,1982.0,2.5.24,0
2.5.26,1.75,0.2,2.5.26,0
2.5.26,11.75,11.0,2.5.26,0
2.5.26,21.75,52.0,2.5.26,0
2.5.26,31.75,120.0,2.5.26,0
2.5.26,41.75,238.0,2.5.26,0
2.5.26,51.75,401.0,2.5.26,0
2.5.26,61.75,564.0,2.5.26,0
2.5.26,71.75,736.0,2.5.26,0
2.5.26,81.75,894.0,2.5.26,0
2.5.26,91.75,1064.0,2.5.26,0
2.5.26,101.75,1184.0,2.5.26,0
2.5.26,111.75,1306.0,2.5.26,0
2.5.26,121.75,1417.0,2.5.26,0
2.5.26,131.75,1540.0,2.5.26,0
2.5.26,141.75,1681.0,2.5.26,0
2.6.2,0.49,0.4,2.6.2,0
2.6.2,10.49,11.0,2.6.2,0
2.6.2,20.49,41.0,2.6.2,0
2.6.2,30.49,109.0,2.6.2,0
2.6.2,40.49,191.0,2.6.2,0
2.6.2,50.49,293.0,2.6.2,0
2.6.2,60.49,390.0,2.6.2,0
2.6.2,70.49,485.0,2.6.2,0
2.6.3,1.25,0.6,2.6.3,0
2.6.3,11.25,13.0,2.6.3,0
2.6.3,21.25,51.0,2.6.3,0
2.6.3,31.25,125.0,2.6.3,0
2.6.3,41.25,208.0,2.6.3,0
2.6.3,51.25,320.0,2.6.3,0
2.6.3,61.25,419.0,2.6.3,0
2.6.3,71.25,512.0,2.6.3,0
2.6.4,2.33,0.1,2.6.4,0
2.6.4,12.33,19.0,2.6.4,0
2.6.4,22.33,74.0,2.6.4,0
2.6.4,32.33,173.0,2.6.4,0
2.6.4,42.33,285.0,2.6.4,0
2.6.4,52.33,448.0,2.6.4,0
2.6.4,62.33,646.0,2.6.4,0
2.6.4,72.33,834.0,2.6.4,0
2.6.5,5.38,1.0,2.6.5,0
2.6.5,15.38,11.0,2.6.5,0
2.6.5,25.38,60.0,2.6.5,0
2.6.5,35.38,186.0,2.6.5,0
2.6.5,45.38,438.0,2.6.5,0
2.6.5,55.38,756.0,2.6.5,0
2.6.6,10.0,12.0,2.6.6,0
2.6.6,20.0,68.0,2.6.6,0
2.6.6,30.0,162.0,2.6.6,0
2.6.6,40.0,286.0,2.6.6,0
2.6.6,50.0,419.0,2.6.6,0
2.6.6,60.0,546.0,2.6.6,0
2.6.6,70.0,663.0,2.6.6,0
2.6.7,1.3,0.5,2.6.7,0
2.6.7,11.3,23.0,2.6.7,0
2.6.7,21.3,118.0,2.6.7,0
2.6.7,31.3,237.0,2.6.7,0
2.6.7,41.3,350.0,2.6.7,0
2.6.7,51.3,481.0,2.6.7,0
2.6.7,61.3,612.0,2.6.7,0
2.6.7,71.3,746.0,2.6.7,0
2.6.7,81.3,884.0,2.6.7,0
2.6.7,91.3,1005.0,2.6.7,0
2.6.8,9.68,6.0,2.6.8,0
2.6.8,19.68,45.0,2.6.8,0
2.6.8,29.68,126.0,2.6.8,0
2.6.8,39.68,244.0,2.6.8,0
2.6.8,49.68,380.0,2.6.8,0
2.6.8,59.68,500.0,2.6.8,0
2.6.8,69.68,648.0,2.6.8,0
2.6.8,79.68,811.0,2.6.8,0
2.6.8,89.68,975.0,2.6.8,0
2.7.6,5.71,1.0,2.7.6,0
2.7.6,15.71,24.0,2.7.6,0
2.7.6,25.71,111.0,2.7.6,0
2.7.6,35.71,251.0,2.7.6,0
2.7.6,45.71,414.0,2.7.6,0
2.7.6,55.71,571.0,2.7.6,0
2.7.6,65.71,721.0,2.7.6,0
2.7.6,75.71,886.0,2.7.6,0
2.7.6,85.71,1038.0,2.7.6,0
2.7.6,95.71,1193.0,2.7.6,0
2.7.6,105.71,1353.0,2.7.6,0
2.7.6,115.71,1499.0,2.7.6,0
2.7.6,125.71,1725.0,2.7.6,0
2.7.6,135.71,2012.0,2.7.6,0
3.1.12,8.33,2.0,3.1.12,0
3.1.12,18.33,21.0,3.1.12,0
3.1.12,28.33,81.0,3.1.12,0
3.1.12,38.33,156.0,3.1.12,0
3.1.12,48.33,251.0,3.1.12,0
3.1.12,58.33,358.0,3.1.12,0
3.1.12,68.33,495.0,3.1.12,0
3.1.12,78.33,662.0,3.1.12,0
3.1.12,88.33,808.0,3.1.12,0
3.1.12,98.33,964.0,3.1.12,0
3.1.12,108.33,1124.0,3.1.12,0
3.1.12,118.33,1291.0,3.1.12,0
3.1.12,128.33,1422.0,3.1.12,0
3.1.12,138.33,1576.0,3.1.12,0
3.1.13,10.0,6.0,3.1.13,2
3.1.13,20.0,30.0,3.1.13,2
3.1.13,30.0,89.0,3.1.13,2
3.1.13,40.0,181.0,3.1.13,2
3.1.13,50.0,309.0,3.1.13,2
3.1.13,60.0,458.0,3.1.13,2
3.1.13,70.0,630.0,3.1.13,2
3.1.13,80.0,776.0,3.1.13,2
3.1.13,90.0,931.0,3.1.13,2
3.1.13,100.0,1073.0,3.1.13,2
3.1.13,110.0,1226.0,3.1.13,2
3.1.13,120.0,1381.0,3.1.13,2
3.1.13,130.0,1547.0,3.1.13,2
3.1.13,140.0,1736.0,3.1.13,2
3.1.14,9.38,2.0,3.1.14,0
3.1.14,19.37,11.0,3.1.14,0
3.1.14,29.37,32.0,3.1.14,0
3.1.14,39.38,64.0,3.1.14,0
3.1.14,49.38,104.0,3.1.14,0
3.1.14,59.38,155.0,3.1.14,0
3.1.14,69.37,209.0,3.1.14,0
3.1.14,79.37,257.0,3.1.14,0
3.1.14,89.37,314.0,3.1.14,0
3.1.14,99.37,351.0,3.1.14,0
3.1.14,109.37,404.0,3.1.14,0
3.1.14,119.37,446.0,3.1.14,0
3.1.14,129.37,503.0,3.1.14,0
3.1.14,139.37,555.0,3.1.14,0
3.1.15,4.62,1.0,3.1.15,0
3.1.15,14.62,9.0,3.1.15,0
3.1.15,24.62,33.0,3.1.15,0
3.1.15,34.62,74.0,3.1.15,0
3.1.15,44.62,135.0,3.1.15,0
3.1.15,54.62,209.0,3.1.15,0
3.1.15,64.62,289.0,3.1.15,0
3.1.15,74.62,371.0,3.1.15,0
3.1.15,84.62,464.0,3.1.15,0
3.1.15,94.62,556.0,3.1.15,0
3.1.15,104.62,635.0,3.1.15,0
3.1.15,114.62,727.0,3.1.15,0
3.1.15,124.62,823.0,3.1.15,0
3.1.15,134.62,921.0,3.1.15,0
3.1.16,8.95,4.0,3.1.16,0
3.1.16,18.95,18.0,3.1.16,0
3.1.16,28.95,61.0,3.1.16,0
3.1.16,38.95,119.0,3.1.16,0
3.1.16,48.95,196.0,3.1.16,0
3.1.16,58.95,297.0,3.1.16,0
3.1.16,68.95,424.0,3.1.16,0
3.1.16,78.95,541.0,3.1.16,0
3.1.16,88.95,671.0,3.1.16,0
3.1.16,98.95,808.0,3.1.16,0
3.1.16,108.95,925.0,3.1.16,0
3.1.16,118.95,1073.0,3.1.16,0
3.1.16,128.95,1184.0,3.1.16,0
3.1.16,138.95,1321.0,3.1.16,0
3.3.13,9.6,6.0,3.3.13,2
3.3.13,19.6,22.0,3.3.13,2
3.3.13,29.6,59.0,3.3.13,2
3.3.13,39.6,115.0,3.3.13,2
3.3.13,49.6,204.0,3.3.13,2
3.3.13,59.6,308.0,3.3.13,2
3.3.13,69.6,410.0,3.3.13,2
3.3.13,79.6,512.0,3.3.13,2
3.3.13,89.6,613.0,3.3.13,2
3.3.13,99.6,700.0,3.3.13,2
3.3.13,109.6,788.0,3.3.13,2
3.3.14,10.0,5.0,3.3.14,0
3.3.14,20.0,21.0,3.3.14,0
3.3.14,30.0,68.0,3.3.14,0
3.3.14,40.0,139.0,3.3.14,0
3.3.14,50.0,232.0,3.3.14,0
3.3.14,60.0,326.0,3.3.14,0
3.3.14,70.0,409.0,3.3.14,0
3.3.14,80.0,505.0,3.3.14,0
3.3.14,90.0,602.0,3.3.14,0
3.3.14,100.0,694.0,3.3.14,0
3.4.3,1.11,0.4,3.4.3,0
3.4.3,11.11,7.0,3.4.3,0
3.4.3,21.11,22.0,3.4.3,0
3.4.3,31.11,57.0,3.4.3,0
3.4.3,41.11,103.0,3.4.3,0
3.4.3,51.11,160.0,3.4.3,0
3.4.3,61.11,220.0,3.4.3,0
3.4.3,71.11,289.0,3.4.3,0
3.4.3,81.11,387.0,3.4.3,0
3.4.3,91.11,465.0,3.4.3,0
3.4.3,101.11,524.0,3.4.3,0
3.4.4,7.37,2.0,3.4.4,0
3.4.4,17.37,13.0,3.4.4,0
3.4.4,27.37,46.0,3.4.4,0
3.4.4,37.37,101.0,3.4.4,0
3.4.4,47.37,166.0,3.4.4,0
3.4.4,57.37,246.0,3.4.4,0
3.4.4,67.37,315.0,3.4.4,0
3.4.4,77.37,462.0,3.4.4,0
3.4.4,87.37,635.0,3.4.4,0
3.4.4,97.37,791.0,3.4.4,0
3.4.4,107.37,951.0,3.4.4,0
3.5.1,8.8,3.0,3.5.1,0
3.5.1,18.8,14.0,3.5.1,0
3.5.1,28.8,63.0,3.5.1,0
3.5.1,38.8,118.0,3.5.1,0
3.5.1,48.8,181.0,3.5.1,0
3.5.1,58.8,255.0,3.5.1,0
3.5.1,68.8,324.0,3.5.1,0
3.5.1,78.8,390.0,3.5.1,0
3.5.20,5.0,1.0,3.5.20,0
3.5.20,15.0,9.0,3.5.20,0
3.5.20,25.0,32.0,3.5.20,0
3.5.20,35.0,72.0,3.5.20,0
3.5.20,45.0,115.0,3.5.20,0
3.5.20,55.0,172.0,3.5.20,0
3.5.20,65.0,247.0,3.5.20,0
3.5.20,75.0,320.0,3.5.20,0
3.5.20,85.0,392.0,3.5.20,0
3.5.20,95.0,493.0,3.5.20,0
3.5.27,5.0,1.0,3.5.27,0
3.5.27,15.0,5.0,3.5.27,0
3.5.27,25.0,18.0,3.5.27,0
3.5.27,35.0,43.0,3.5.27,0
3.5.27,45.0,97.0,3.5.27,0
3.5.27,55.0,182.0,3.5.27,0
3.5.27,65.0,299.0,3.5.27,0
3.5.27,75.0,446.0,3.5.27,0
3.5.27,85.0,583.0,3.5.27,0
3.5.27,95.0,717.0,3.5.27,0
3.5.27,105.0,870.0,3.5.27,0
3.5.27,115.0,1028.0,3.5.27,0
3.5.27,125.0,1223.0,3.5.27,0
3.5.28,9.41,2.0,3.5.28,0
3.5.28,19.41,11.0,3.5.28,0
3.5.28,29.41,30.0,3.5.28,0
3.5.28,39.41,84.0,3.5.28,0
3.5.28,49.41,189.0,3.5.28,0
3.5.28,59.41,325.0,3.5.28,0
3.5.28,69.41,476.0,3.5.28,0
3.5.28,79.41,636.0,3.5.28,0
3.5.28,89.41,790.0,3.5.28,0
3.5.28,99.41,906.0,3.5.28,0
3.5.28,109.41,1026.0,3.5.28,0
3.5.28,119.41,1119.0,3.5.28,0
3.5.28,129.41,1235.0,3.5.28,0
3.5.29,4.17,1.0,3.5.29,0
3.5.29,14.17,3.0,3.5.29,0
3.5.29,24.17,13.0,3.5.29,0
3.5.29,34.17,35.0,3.5.29,0
3.5.29,44.17,70.0,3.5.29,0
3.5.29,54.17,122.0,3.5.29,0
3.5.29,64.17,179.0,3.5.29,0
3.5.29,74.17,251.0,3.5.29,0
3.5.29,84.17,321.0,3.5.29,0
3.5.29,94.17,422.0,3.5.29,0
3.5.29,104.17,504.0,3.5.29,0
3.5.29,114.17,615.0,3.5.29,0
3.5.29,124.17,724.0,3.5.29,0
3.5.29,134.17,838.0,3.5.29,0
3.5.30,5.45,1.0,3.5.30,0
3.5.30,15.45,3.0,3.5.30,0
3.5.30,25.45,19.0,3.5.30,0
3.5.30,35.45,60.0,3.5.30,0
3.5.30,45.45,134.0,3.5.30,0
3.5.30,55.45,206.0,3.5.30,0
3.5.30,65.45,278.0,3.5.30,0
3.5.30,75.45,352.0,3.5.30,0
3.5.30,85.45,415.0,3.5.30,0
3.5.30,95.45,505.0,3.5.30,0
3.5.30,105.45,589.0,3.5.30,0
3.5.30,115.45,677.0,3.5.30,0
3.5.30,125.45,795.0,3.5.30,0
3.5.30,135.45,896.0,3.5.30,0
3.5.31,2.5,0.6,3.5.31,0
3.5.31,12.5,11.0,3.5.31,0
3.5.31,22.5,53.0,3.5.31,0
3.5.31,32.5,130.0,3.5.31,0
3.5.31,42.5,210.0,3.5.31,0
3.5.31,52.5,325.0,3.5.31,0
3.5.31,62.5,459.0,3.5.31,0
3.5.31,72.5,610.0,3.5.31,0
3.5.31,82.5,760.0,3.5.31,0
3.5.31,92.5,907.0,3.5.31,0
3.5.31,102.5,1051.0,3.5.31,0
3.5.31,112.5,1211.0,3.5.31,0
3.5.31,122.5,1381.0,3.5.31,0
3.5.31,132.5,1570.0,3.5.31,0
3.6.9,9.2,4.0,3.6.9,0
3.6.9,19.2,16.0,3.6.9,0
3.6.9,29.2,55.0,3.6.9,0
3.6.9,39.2,110.0,3.6.9,0
3.6.9,49.2,174.0,3.6.9,0
3.6.9,59.2,252.0,3.6.9,0
3.6.9,69.2,344.0,3.6.9,0
3.6.9,79.203,441.0,3.6.9,0
3.6.10,9.17,5.0,3.6.10,3
3.6.10,19.17,15.0,3.6.10,3
3.6.10,29.17,44.0,3.6.10,3
3.6.10,39.17,84.0,3.6.10,3
3.6.10,49.17,142.0,3.6.10,3
3.6.10,59.17,208.0,3.6.10,3
3.6.10,69.17,277.0,3.6.10,3
3.6.10,79.17,363.0,3.6.10,3
3.6.10,89.17,463.0,3.6.10,3
3.6.10,99.17,582.0,3.6.10,3
3.7.1,9.2,5.0,3.7.1,0
3.7.1,19.2,24.0,3.7.1,0
3.7.1,29.2,49.0,3.7.1,0
3.7.1,39.2,79.0,3.7.1,0
3.7.1,49.2,120.0,3.7.1,0
3.7.1,59.2,170.0,3.7.1,0
3.7.1,69.2,217.0,3.7.1,0
3.7.1,79.2,272.0,3.7.1,0
3.7.1,89.2,350.0,3.7.1,0
3.7.1,99.2,448.0,3.7.1,0
3.7.1,109.2,555.0,3.7.1,0
3.7.10,8.85,5.0,3.7.10,3
3.7.10,18.85,24.0,3.7.10,3
3.7.10,28.85,61.0,3.7.10,3
3.7.10,38.85,115.0,3.7.10,3
3.7.10,48.85,190.0,3.7.10,3
3.7.10,58.85,257.0,3.7.10,3
3.7.10,68.85,327.0,3.7.10,3
3.7.10,78.85,417.0,3.7.10,3
3.7.10,88.85,536.0,3.7.10,3
3.7.10,98.85,667.0,3.7.10,3
3.7.10,108.85,781.0,3.7.10,3
3.7.10,118.85,912.0,3.7.10,3
3.7.10,128.85,1033.0,3.7.10,3
3.7.10,138.85,1148.0,3.7.10,3
4.5.34,10.0,3.0,4.5.34,0
4.5.34,20.0,13.0,4.5.34,0
4.5.34,30.0,39.0,4.5.34,0
4.5.34,40.0,77.0,4.5.34,0
4.5.34,50.0,110.0,4.5.34,0
4.5.34,60.0,140.0,4.5.34,0
4.5.34,70.0,173.0,4.5.34,0
4.5.34,80.0,222.0,4.5.34,0
4.5.34,90.0,285.0,4.5.34,0
4.5.34,100.0,340.0,4.5.34,0
4.5.35,3.57,0.8,4.5.35,0
4.5.35,13.57,9.0,4.5.35,0
4.5.35,23.57,26.0,4.5.35,0
4.5.35,33.57,70.0,4.5.35,0
4.5.35,43.57,139.0,4.5.35,0
4.5.35,53.57,214.0,4.5.35,0
4.5.35,63.57,286.0,4.5.35,0
4.5.35,73.57,372.0,4.5.35,0
4.5.35,83.57,474.0,4.5.35,0
4.5.35,93.57,569.0,4.5.35,0
4.5.36,9.52,2.8,4.5.36,0
4.5.36,19.52,11.0,4.5.36,0
4.5.36,29.52,24.0,4.5.36,0
4.5.36,39.52,37.0,4.5.36,0
4.5.36,49.52,53.0,4.5.36,0
4.5.36,59.52,74.0,4.5.36,0
4.5.36,69.52,93.0,4.5.36,0
4.5.36,79.52,123.0,4.5.36,0
4.5.36,89.52,152.0,4.5.36,0
4.5.36,99.52,180.0,4.5.36,0
4.5.37,8.33,1.8,4.5.37,0
4.5.37,18.33,9.0,4.5.37,0
4.5.37,28.33,26.0,4.5.37,0
4.5.37,38.33,59.0,4.5.37,0
4.5.37,48.33,99.0,4.5.37,0
4.5.37,58.33,142.0,4.5.37,0
4.5.37,68.33,199.0,4.5.37,0
4.5.37,78.33,250.0,4.5.37,0
4.5.37,88.33,313.0,4.5.37,0
4.5.37,98.33,373.0,4.5.37,0
4.5.37,108.33,436.0,4.5.37,0
4.5.37,118.33,495.0,4.5.37,0
4.5.38,7.22,2.1,4.5.38,0
4.5.38,17.22,9.0,4.5.38,0
4.5.38,27.22,25.0,4.5.38,0
4.5.38,37.22,57.0,4.5.38,0
4.5.38,47.22,97.0,4.5.38,0
4.5.38,57.22,138.0,4.5.38,0
4.5.38,67.22,181.0,4.5.38,0
4.5.38,77.22,232.0,4.5.38,0
4.5.38,87.22,293.0,4.5.38,0
4.5.38,97.22,345.0,4.5.38,0
4.5.38,107.22,423.0,4.5.38,0
4.5.39,9.33,6.9,4.5.39,0
4.5.39,19.33,32.0,4.5.39,0
4.5.39,29.33,71.0,4.5.39,0
4.5.39,39.33,133.0,4.5.39,0
4.5.39,49.33,205.0,4.5.39,0
4.5.39,59.33,302.0,4.5.39,0
4.5.39,69.33,391.0,4.5.39,0
4.5.39,79.33,486.0,4.5.39,0
4.5.39,89.33,604.0,4.5.39,0
4.5.39,99.33,732.0,4.5.39,0
4.5.39,109.33,870.0,4.5.39,0
4.5.40,5.33,1.4,4.5.40,0
4.5.40,15.33,8.0,4.5.40,0
4.5.40,25.33,26.0,4.5.40,0
4.5.40,35.33,60.0,4.5.40,0
4.5.40,45.33,93.0,4.5.40,0
4.5.40,55.33,127.0,4.5.40,0
4.5.40,65.33,146.0,4.5.40,0
4.5.40,75.33,170.0,4.5.40,0
4.5.40,85.33,192.0,4.5.40,0
4.5.40,95.33,220.0,4.5.40,0
4.5.40,105.33,242.0,4.5.40,0
4.5.40,115.33,268.0,4.5.40,0
4.5.40,125.33,287.0,4.5.40,0
4.5.40,135.33,301.0,4.5.40,0
4.5.41,5.0,0.7,4.5.41,0
4.5.41,15.0,4.0,4.5.41,0
4.5.41,25.0,11.0,4.5.41,0
4.5.41,35.0,25.0,4.5.41,0
4.5.41,45.0,46.0,4.5.41,0
4.5.41,55.0,77.0,4.5.41,0
4.5.41,65.0,116.0,4.5.41,0
4.5.41,75.0,160.0,4.5.41,0
4.5.41,85.0,212.0,4.5.41,0
4.5.41,95.0,266.0,4.5.41,0
4.5.41,105.0,333.0,4.5.41,0
4.5.41,115.0,409.0,4.5.41,0
4.5.41,125.0,487.0,4.5.41,0
4.5.41,135.0,565.0,4.5.41,0
4.5.42,6.87,1.6,4.5.42,0
4.5.42,16.87,7.0,4.5.42,0
4.5.42,26.87,16.0,4.5.42,0
4.5.42,36.88,40.0,4.5.42,0
4.5.42,46.88,86.0,4.5.42,0
4.5.42,56.88,137.0,4.5.42,0
4.5.42,66.87,184.0,4.5.42,0
4.5.42,76.87,241.0,4.5.42,0
4.5.42,86.87,305.0,4.5.42,0
4.5.42,96.87,372.0,4.5.42,0
4.5.42,106.87,433.0,4.5.42,0
4.5.42,116.87,503.0,4.5.42,0
4.5.42,126.87,568.0,4.5.42,0
4.5.42,136.87,630.0,4.5.42,0
4.5.43,10.0,5.0,4.5.43,0
4.5.43,20.0,15.0,4.5.43,0
4.5.43,30.0,36.0,4.5.43,0
4.5.43,40.0,79.0,4.5.43,0
4.5.43,50.0,124.0,4.5.43,0
4.5.43,60.0,181.0,4.5.43,0
4.5.43,70.0,244.0,4.5.43,0
4.5.43,80.0,319.0,4.5.43,0
4.5.43,90.0,399.0,4.5.43,0
4.5.43,100.0,508.0,4.5.43,0
4.5.43,110.0,598.0,4.5.43,0
4.5.43,120.0,708.0,4.5.43,0
4.5.43,130.0,859.0,4.5.43,0
4.5.44,8.95,1.6,4.5.44,0
4.5.44,18.95,6.0,4.5.44,0
4.5.44,28.95,14.0,4.5.44,0
4.5.44,38.95,33.0,4.5.44,0
4.5.44,48.95,60.0,4.5.44,0
4.5.44,58.95,88.0,4.5.44,0
4.5.44,68.95,119.0,4.5.44,0
4.5.44,78.95,161.0,4.5.44,0
4.5.44,88.95,199.0,4.5.44,0
4.5.44,98.95,237.0,4.5.44,0
4.5.44,108.95,265.0,4.5.44,0
4.5.44,118.95,302.0,4.5.44,0
4.5.44,128.95,335.0,4.5.44,0
4.5.44,138.95,377.0,4.5.44,0
4.5.45,8.33,2.4,4.5.45,0
4.5.45,18.33,9.0,4.5.45,0
4.5.45,28.33,23.0,4.5.45,0
4.5.45,38.33,45.0,4.5.45,0
4.5.45,48.33,80.0,4.5.45,0
4.5.45,58.33,134.0,4.5.45,0
4.5.45,68.33,183.0,4.5.45,0
4.5.45,78.33,236.0,4.5.45,0
4.5.45,88.33,286.0,4.5.45,0
4.5.45,98.33,351.0,4.5.45,0
4.5.45,108.33,403.0,4.5.45,0
4.5.45,118.33,472.0,4.5.45,0
4.5.45,128.33,593.0,4.5.45,0
4.5.45,138.33,703.0,4.5.45,0
4.5.46,7.06,2.0,4.5.46,0
4.5.46,17.06,12.0,4.5.46,0
4.5.46,27.06,31.0,4.5.46,0
4.5.46,37.06,61.0,4.5.46,0
4.5.46,47.06,99.0,4.5.46,0
4.5.46,57.06,142.0,4.5.46,0
4.5.46,67.06,182.0,4.5.46,0
4.5.46,77.06,241.0,4.5.46,0
4.5.46,87.06,307.0,4.5.46,0
4.5.46,97.06,377.0,4.5.46,0
4.5.46,107.06,436.0,4.5.46,0
4.5.46,117.06,501.0,4.5.46,0
4.5.46,127.06,587.0,4.5.46,0
4.5.46,137.06,698.0,4.5.46,0
4.5.47,9.62,7.4,4.5.47,0
4.5.47,19.62,27.0,4.5.47,0
4.5.47,29.62,56.0,4.5.47,0
4.5.47,39.62,90.0,4.5.47,0
4.5.47,49.62,151.0,4.5.47,0
4.5.47,59.62,236.0,4.5.47,0
4.5.47,69.62,331.0,4.5.47,0
4.5.47,79.62,458.0,4.5.47,0
4.5.47,89.62,563.0,4.5.47,0
4.5.47,99.62,693.0,4.5.47,0
4.5.47,109.62,823.0,4.5.47,0
4.5.47,119.62,974.0,4.5.47,0
4.5.47,129.62,1156.0,4.5.47,0
4.5.47,139.62,1361.0,4.5.47,0
4.5.48,6.15,2.2,4.5.48,0
4.5.48,16.15,17.0,4.5.48,0
4.5.48,26.15,46.0,4.5.48,0
4.5.48,36.15,84.0,4.5.48,0
4.5.48,46.15,132.0,4.5.48,0
4.5.48,56.15,188.0,4.5.48,0
4.5.48,66.15,256.0,4.5.48,0
4.5.48,76.15,321.0,4.5.48,0
4.5.48,86.15,392.0,4.5.48,0
4.5.48,96.15,461.0,4.5.48,0
4.5.48,106.15,508.0,4.5.48,0
4.5.48,116.15,568.0,4.5.48,0
4.5.48,126.15,610.0,4.5.48,0
4.5.48,136.15,668.0,4.5.48,0
4.6.11,7.27,0.9,4.6.11,1
4.6.11,17.27,5.0,4.6.11,1
4.6.11,27.27,16.0,4.6.11,1
4.6.11,37.27,46.0,4.6.11,1
4.6.11,47.27,91.0,4.6.11,1
4.6.11,57.27,147.0,4.6.11,1
4.6.11,67.27,225.0,4.6.11,1
4.6.11,77.27,307.0,4.6.11,1
4.6.11,87.27,378.0,4.6.11,1
4.6.11,97.27,447.0,4.6.11,1
4.6.11,107.27,506.0,4.6.11,1
4.6.11,117.27,550.0,4.6.11,1
4.6.11,127.27,595.0,4.6.11,1
4.6.11,137.27,643.0,4.6.11,1
4.6.12,7.06,1.3,4.6.12,0
4.6.12,17.06,26.0,4.6.12,0
4.6.12,27.06,30.0,4.6.12,0
4.6.12,37.06,56.0,4.6.12,0
4.6.12,47.06,96.0,4.6.12,0
4.6.12,57.06,151.0,4.6.12,0
4.6.12,67.06,220.0,4.6.12,0
4.6.12,77.06,295.0,4.6.12,0
4.6.12,87.06,372.0,4.6.12,0
4.6.12,97.06,476.0,4.6.12,0
4.6.12,107.06,583.0,4.6.12,0
4.6.12,117.06,672.0,4.6.12,0
4.6.12,127.06,781.0,4.6.12,0
4.6.12,137.06,925.0,4.6.12,0
4.7.11,8.42,1.8,4.7.11,1
4.7.11,18.42,12.0,4.7.11,1
4.7.11,28.42,35.0,4.7.11,1
4.7.11,38.42,68.0,4.7.11,1
4.7.11,48.42,111.0,4.7.11,1
4.7.11,58.42,163.0,4.7.11,1
4.7.11,68.42,225.0,4.7.11,1
4.7.13,8.13,2.5,4.7.13,2
4.7.13,18.12,14.0,4.7.13,2
4.7.13,28.12,33.0,4.7.13,2
4.7.13,38.13,61.0,4.7.13,2
4.7.13,48.13,98.0,4.7.13,2
4.7.13,58.13,135.0,4.7.13,2
4.7.13,68.12,177.0,4.7.13,2
4.7.13,78.12,206.0,4.7.13,2
4.7.13,88.12,232.0,4.7.13,2
4.7.13,98.12,271.0,4.7.13,2
4.7.13,108.12,330.0,4.7.13,2
4.7.14,7.5,1.8,4.7.14,0
4.7.14,17.5,18.0,4.7.14,0
4.7.14,27.5,49.0,4.7.14,0
4.7.14,37.5,87.0,4.7.14,0
4.7.14,47.5,125.0,4.7.14,0
4.7.14,57.5,162.0,4.7.14,0
4.7.14,67.5,203.0,4.7.14,0
4.7.14,77.5,250.0,4.7.14,0
4.7.14,87.5,314.0,4.7.14,0
4.7.14,97.5,380.0,4.7.14,0
4.7.14,107.5,458.0,4.7.14,0
4.7.15,9.09,4.7,4.7.15,0
4.7.15,19.09,22.0,4.7.15,0
4.7.15,29.09,56.0,4.7.15,0
4.7.15,39.09,100.0,4.7.15,0
4.7.15,49.09,146.0,4.7.15,0
4.7.15,59.09,199.0,4.7.15,0
4.7.15,69.09,266.0,4.7.15,0
4.7.15,79.09,346.0,4.7.15,0
4.7.15,89.09,446.0,4.7.15,0
4.7.15,99.09,578.0,4.7.15,0
4.7.15,109.09,737.0,4.7.15,0
5.4.8,10.0,5.0,5.4.8,0
5.4.8,20.0,14.0,5.4.8,0
5.4.8,30.0,23.0,5.4.8,0
5.4.8,40.0,39.0,5.4.8,0
5.4.8,50.0,63.0,5.4.8,0
5.4.8,60.0,103.0,5.4.8,0
5.4.8,70.0,153.0,5.4.8,0
5.4.8,80.0,196.0,5.4.8,0
5.4.8,90.0,238.0,5.4.8,0
5.4.8,100.0,265.0,5.4.8,0
5.4.8,110.0,289.0,5.4.8,0
5.4.8,120.0,309.0,5.4.8,0
5.4.8,130.0,327.0,5.4.8,0
5.4.9,9.5,3.0,5.4.9,0
5.4.9,19.5,14.0,5.4.9,0
5.4.9,29.5,31.0,5.4.9,0
5.4.9,39.5,54.0,5.4.9,0
5.4.9,49.5,91.0,5.4.9,0
5.4.9,59.5,146.0,5.4.9,0
5.4.9,69.5,212.0,5.4.9,0
5.4.9,79.5,279.0,5.4.9,0
5.4.9,89.5,353.0,5.4.9,0
5.4.9,99.5,433.0,5.4.9,0
5.4.9,109.5,530.0,5.4.9,0
5.4.9,119.5,616.0,5.4.9,0
5.4.9,129.5,698.0,5.4.9,0
5.4.10,10.0,3.0,5.4.10,3
5.4.10,20.0,12.0,5.4.10,3
5.4.10,30.0,34.0,5.4.10,3
5.4.10,40.0,77.0,5.4.10,3
5.4.10,50.0,131.0,5.4.10,3
5.4.10,60.0,205.0,5.4.10,3
5.4.10,70.0,295.0,5.4.10,3
5.4.10,80.0,403.0,5.4.10,3
5.4.10,90.0,516.0,5.4.10,3
5.4.10,100.0,631.0,5.4.10,3
5.4.10,110.0,775.0,5.4.10,3
5.4.10,120.0,887.0,5.4.10,3
5.4.10,130.0,997.0,5.4.10,3
5.5.32,7.5,1.0,5.5.32,0
5.5.32,17.5,6.0,5.5.32,0
5.5.32,27.5,23.0,5.5.32,0
5.5.32,37.5,47.0,5.5.32,0
5.5.32,47.5,68.0,5.5.32,0
5.5.32,57.5,92.0,5.5.32,0
5.5.32,67.5,117.0,5.5.32,0
5.5.32,77.5,134.0,5.5.32,0
5.5.33,10.0,2.0,5.5.33,0
5.5.33,20.0,7.0,5.5.33,0
5.5.33,30.0,13.0,5.5.33,0
5.5.33,40.0,20.0,5.5.33,0
5.5.33,50.0,30.0,5.5.33,0
5.5.33,60.0,42.0,5.5.33,0
5.5.33,70.0,65.0,5.5.33,0
5.5.33,80.0,96.0,5.5.33,0
5.5.33,90.0,132.0,5.5.33,0
5.5.33,100.0,172.0,5.5.33,0
5.5.33,110.0,206.0,5.5.33,0
5.7.12,5.45,0.8,5.7.12,0
5.7.12,15.45,4.0,5.7.12,0
5.7.12,25.45,11.0,5.7.12,0
5.7.12,35.45,19.0,5.7.12,0
5.7.12,45.45,28.0,5.7.12,0
5.7.12,55.45,43.0,5.7.12,0
5.7.12,65.45,60.0,5.7.12,0
5.7.12,75.45,83.0,5.7.12,0
5.7.12,85.45,109.0,5.7.12,0
5.7.12,95.45,148.0,5.7.12,0
5.7.12,105.45,189.0,5.7.12,0
5.7.20,10.0,2.0,5.7.20,0
5.7.20,20.0,4.0,5.7.20,0
5.7.20,30.0,7.0,5.7.20,0
5.7.20,40.0,12.0,5.7.20,0
5.7.20,50.0,20.0,5.7.20,0
5.7.20,60.0,31.0,5.7.20,0
5.7.20,70.0,47.0,5.7.20,0
5.7.20,80.0,71.0,5.7.20,0
5.7.20,90.0,92.0,5.7.20,0
5.7.20,100.0,116.0,5.7.20,0
5.7.20,110.0,140.0,5.7.20,0
5.7.20,120.0,169.0,5.7.20,0
5.7.21,10.0,4.0,5.7.21,0
5.7.21,20.0,10.0,5.7.21,0
5.7.21,30.0,18.0,5.7.21,0
5.7.21,40.0,27.0,5.7.21,0
5.7.21,50.0,38.0,5.7.21,0
5.7.21,60.0,56.0,5.7.21,0
5.7.21,70.0,72.0,5.7.21,0
5.7.21,80.0,90.0,5.7.21,0
5.7.21,90.0,104.0,5.7.21,0
5.7.21,100.0,123.0,5.7.21,0
5.7.21,110.0,144.0,5.7.21,0
5.7.21,120.0,166.0,5.7.21,0
5.7.21,130.0,190.0,5.7.21,0
